name,params,length,output_type,parse_time,states,trans,precomp_time,newmat,prob,sample_time
egl,N_10_L_2,8,overflow,-1,-1,-1,-1,-1,-1,-1
egl,N_10_L_2,15,overflow,-1,-1,-1,-1,-1,-1,-1
egl,N_10_L_2,16,overflow,-1,-1,-1,-1,-1,-1,-1
egl,N_10_L_2,31,overflow,-1,-1,-1,-1,-1,-1,-1
egl,N_10_L_2,32,overflow,-1,-1,-1,-1,-1,-1,-1
egl,N_10_L_2,48,overflow,-1,-1,-1,-1,-1,-1,-1
egl,N_10_L_2,63,overflow,-1,-1,-1,-1,-1,-1,-1
egl,N_10_L_2,64,overflow,-1,-1,-1,-1,-1,-1,-1
egl,N_10_L_2,96,overflow,-1,-1,-1,-1,-1,-1,-1
egl,N_10_L_2,127,overflow,-1,-1,-1,-1,-1,-1,-1
egl,N_10_L_2,128,overflow,-1,-1,-1,-1,-1,-1,-1
egl,N_10_L_4,8,Killed,-1,-1,-1,-1,-1,-1,-1
egl,N_10_L_4,15,Killed,-1,-1,-1,-1,-1,-1,-1
egl,N_10_L_4,16,Killed,-1,-1,-1,-1,-1,-1,-1
egl,N_10_L_4,31,Killed,-1,-1,-1,-1,-1,-1,-1
egl,N_10_L_4,32,Killed,-1,-1,-1,-1,-1,-1,-1
egl,N_10_L_4,48,Killed,-1,-1,-1,-1,-1,-1,-1
egl,N_10_L_4,63,Killed,-1,-1,-1,-1,-1,-1,-1
egl,N_10_L_4,64,Killed,-1,-1,-1,-1,-1,-1,-1
egl,N_10_L_4,96,Killed,-1,-1,-1,-1,-1,-1,-1
egl,N_10_L_4,127,Killed,-1,-1,-1,-1,-1,-1,-1
egl,N_10_L_4,128,Killed,-1,-1,-1,-1,-1,-1,-1
egl,N_5_L_2,8,numeric,-1,-1,-1,-1,-1,-1,-1
egl,N_5_L_2,15,numeric,-1,-1,-1,-1,-1,-1,-1
egl,N_5_L_2,16,numeric,-1,-1,-1,-1,-1,-1,-1
egl,N_5_L_2,31,ok,400.696449,33790,34813,-1,-1,0.0302734375,6.818223
egl,N_5_L_2,32,ok,398.336206,33790,34813,4013.609489,4,0.0302734375,7.453322
egl,N_5_L_2,48,numeric,-1,-1,-1,-1,-1,-1,-1
egl,N_5_L_2,63,numeric,-1,-1,-1,-1,-1,-1,-1
egl,N_5_L_2,64,numeric,-1,-1,-1,-1,-1,-1,-1
egl,N_5_L_2,96,numeric,-1,-1,-1,-1,-1,-1,-1
egl,N_5_L_2,127,numeric,-1,-1,-1,-1,-1,-1,-1
egl,N_5_L_2,128,numeric,-1,-1,-1,-1,-1,-1,-1
egl,N_5_L_4,8,overflow,-1,-1,-1,-1,-1,-1,-1
egl,N_5_L_4,15,overflow,-1,-1,-1,-1,-1,-1,-1
egl,N_5_L_4,16,overflow,-1,-1,-1,-1,-1,-1,-1
egl,N_5_L_4,31,overflow,-1,-1,-1,-1,-1,-1,-1
egl,N_5_L_4,32,overflow,-1,-1,-1,-1,-1,-1,-1
egl,N_5_L_4,48,overflow,-1,-1,-1,-1,-1,-1,-1
egl,N_5_L_4,63,overflow,-1,-1,-1,-1,-1,-1,-1
egl,N_5_L_4,64,overflow,-1,-1,-1,-1,-1,-1,-1
egl,N_5_L_4,96,overflow,-1,-1,-1,-1,-1,-1,-1
egl,N_5_L_4,127,overflow,-1,-1,-1,-1,-1,-1,-1
egl,N_5_L_4,128,overflow,-1,-1,-1,-1,-1,-1,-1
egl,N_5_L_6,8,overflow,-1,-1,-1,-1,-1,-1,-1
egl,N_5_L_6,15,overflow,-1,-1,-1,-1,-1,-1,-1
egl,N_5_L_6,16,overflow,-1,-1,-1,-1,-1,-1,-1
egl,N_5_L_6,31,overflow,-1,-1,-1,-1,-1,-1,-1
egl,N_5_L_6,32,overflow,-1,-1,-1,-1,-1,-1,-1
egl,N_5_L_6,48,overflow,-1,-1,-1,-1,-1,-1,-1
egl,N_5_L_6,63,overflow,-1,-1,-1,-1,-1,-1,-1
egl,N_5_L_6,64,overflow,-1,-1,-1,-1,-1,-1,-1
egl,N_5_L_6,96,overflow,-1,-1,-1,-1,-1,-1,-1
egl,N_5_L_6,127,overflow,-1,-1,-1,-1,-1,-1,-1
egl,N_5_L_6,128,overflow,-1,-1,-1,-1,-1,-1,-1
egl,N_5_L_8,8,overflow,-1,-1,-1,-1,-1,-1,-1
egl,N_5_L_8,15,overflow,-1,-1,-1,-1,-1,-1,-1
egl,N_5_L_8,16,overflow,-1,-1,-1,-1,-1,-1,-1
egl,N_5_L_8,31,overflow,-1,-1,-1,-1,-1,-1,-1
egl,N_5_L_8,32,overflow,-1,-1,-1,-1,-1,-1,-1
egl,N_5_L_8,48,overflow,-1,-1,-1,-1,-1,-1,-1
egl,N_5_L_8,63,overflow,-1,-1,-1,-1,-1,-1,-1
egl,N_5_L_8,64,overflow,-1,-1,-1,-1,-1,-1,-1
egl,N_5_L_8,96,overflow,-1,-1,-1,-1,-1,-1,-1
egl,N_5_L_8,127,overflow,-1,-1,-1,-1,-1,-1,-1
egl,N_5_L_8,128,overflow,-1,-1,-1,-1,-1,-1,-1
leader,sync3_2,8,ok,51.660223,26,33,83.553186,2,0.9375,3.174480
leader,sync3_2,15,ok,12.889073,26,33,-1,-1,0.984375,4.785560
leader,sync3_2,16,ok,7.386822,26,33,4.220479,3,0.99609375,5.174286
leader,sync3_2,31,ok,9.820533,26,33,-1,-1,0.99993896484375,8.022341
leader,sync3_2,32,ok,1.585501,26,33,2.318535,4,0.9999847412109375,6.921047
leader,sync3_2,48,ok,1.477269,26,33,-1,-1,0.9999999403953552,9.730233
leader,sync3_2,63,ok,1.509769,26,33,-1,-1,0.9999999990686774,12.726731
leader,sync3_2,64,ok,1.479933,26,33,2.364681,5,0.9999999997671694,13.379024
leader,sync3_2,96,ok,1.524857,26,33,-1,-1,0.9999999999999964,19.839684
leader,sync3_2,127,ok,1.525308,26,33,-1,-1,1.0,26.318469
leader,sync3_2,128,ok,1.797448,26,33,2.234758,6,1.0,26.244201
leader,sync3_3,8,ok,4.347617,69,95,25.264502,2,0.9876543210745674,2.219545
leader,sync3_3,15,ok,2.149929,69,95,-1,-1,0.9986282579770643,2.989847
leader,sync3_3,16,ok,2.133528,69,95,5.253915,3,0.9998475842996611,3.483204
leader,sync3_3,31,ok,2.233295,69,95,-1,-1,0.9999997910148416,6.306287
leader,sync3_3,32,ok,2.043750,69,95,5.191248,4,0.9999999768594263,6.735019
leader,sync3_3,48,ok,2.417911,69,95,-1,-1,1.0000000000864588,10.241799
leader,sync3_3,63,ok,2.178402,69,95,-1,-1,1.000000000089995,12.842147
leader,sync3_3,64,ok,2.166139,69,95,5.168245,5,1.000000000089999,13.253108
leader,sync3_3,96,ok,2.126735,69,95,-1,-1,1.0000000000899996,19.924885
leader,sync3_3,127,ok,2.075690,69,95,-1,-1,1.0000000000899998,25.743803
leader,sync3_3,128,ok,2.427419,69,95,5.274864,6,1.0000000000899993,26.356463
leader,sync3_4,8,ok,4.340934,147,210,30.546159,2,0.99609375,1.855541
leader,sync3_4,15,ok,3.606388,147,210,-1,-1,0.999755859375,2.955918
leader,sync3_4,16,ok,3.281429,147,210,10.628556,3,0.9999847412109375,3.546130
leader,sync3_4,31,ok,5.825557,147,210,-1,-1,0.9999999962747097,7.741881
leader,sync3_4,32,ok,3.455214,147,210,11.307269,4,0.9999999997671694,7.232592
leader,sync3_4,48,ok,3.336993,147,210,-1,-1,0.9999999999999964,9.794402
leader,sync3_4,63,ok,3.178005,147,210,-1,-1,1.0,12.846909
leader,sync3_4,64,ok,3.286448,147,210,10.531845,5,1.0,13.594425
leader,sync3_4,96,ok,3.283172,147,210,-1,-1,1.0,19.728386
leader,sync3_4,127,ok,3.388941,147,210,-1,-1,1.0,26.025139
leader,sync3_4,128,ok,3.162897,147,210,10.643895,6,1.0,26.232649
leader,sync4_2,8,ok,2.993389,61,76,13.373210,2,0.5,1.807495
leader,sync4_2,15,ok,2.050282,61,76,-1,-1,0.875,3.004081
leader,sync4_2,16,ok,1.933944,61,76,4.958742,3,0.875,3.473597
leader,sync4_2,31,ok,1.977335,61,76,-1,-1,0.984375,6.252745
leader,sync4_2,32,ok,1.908256,61,76,4.768185,4,0.984375,6.868887
leader,sync4_2,48,ok,2.024243,61,76,-1,-1,0.998046875,9.681204
leader,sync4_2,63,ok,2.019054,61,76,-1,-1,0.999755859375,12.751394
leader,sync4_2,64,ok,1.850738,61,76,4.718853,5,0.999755859375,13.502771
leader,sync4_2,96,ok,3.247636,61,76,-1,-1,0.9999980926513672,21.427363
leader,sync4_2,127,ok,1.913285,61,76,-1,-1,0.9999999701976776,25.721881
leader,sync4_2,128,ok,2.073996,61,76,4.789635,6,0.9999999701976776,26.685234
leader,sync4_3,8,ok,5.872655,274,354,56.493671,2,0.7407407406000001,1.828840
leader,sync4_3,15,ok,4.835441,274,354,-1,-1,0.9825737944030293,2.968757
leader,sync4_3,16,ok,5.006000,274,354,19.652476,3,0.9825737944030282,3.472797
leader,sync4_3,31,ok,4.988537,274,354,-1,-1,0.9996963271108548,6.557115
leader,sync4_3,32,ok,4.882830,274,354,20.225931,4,0.9996963271108538,6.811958
leader,sync4_3,48,ok,5.016460,274,354,-1,-1,0.9999947078818459,9.974619
leader,sync4_3,63,ok,8.558988,274,354,-1,-1,0.9999999075264331,14.025856
leader,sync4_3,64,ok,4.674048,274,354,19.182836,5,0.9999999075264321,13.530294
leader,sync4_3,96,ok,4.824360,274,354,-1,-1,0.9999999997362398,20.012850
leader,sync4_3,127,ok,4.791909,274,354,-1,-1,0.9999999997434987,26.139604
leader,sync4_3,128,ok,4.897266,274,354,19.903046,6,0.9999999997434937,26.893005
leader,sync4_4,8,ok,13.987560,812,1067,174.769733,2,0.84375,1.875676
leader,sync4_4,15,ok,12.796258,812,1067,-1,-1,0.996185302734375,2.986356
leader,sync4_4,16,ok,12.034591,812,1067,61.805294,3,0.996185302734375,3.612833
leader,sync4_4,31,ok,12.142122,812,1067,-1,-1,0.9999854480847716,6.434875
leader,sync4_4,32,ok,12.327981,812,1067,67.372927,4,0.9999854480847716,7.395453
leader,sync4_4,48,ok,12.108990,812,1067,-1,-1,0.9999999444888488,10.010859
leader,sync4_4,63,ok,12.098642,812,1067,-1,-1,0.9999999997882418,13.105048
leader,sync4_4,64,ok,12.581957,812,1067,66.400465,5,0.9999999997882418,13.834693
leader,sync4_4,96,ok,12.102247,812,1067,-1,-1,0.9999999999999996,20.262116
leader,sync4_4,127,ok,12.019212,812,1067,-1,-1,0.9999999999999999,26.081502
leader,sync4_4,128,ok,12.273589,812,1067,64.320928,6,0.9999999999999988,27.091385
leader,sync5_2,8,ok,3.792647,141,172,29.531097,2,0.3125,1.854222
leader,sync5_2,15,ok,3.132379,141,172,-1,-1,0.52734375,3.020416
leader,sync5_2,16,ok,3.041981,141,172,11.200989,3,0.52734375,3.511806
leader,sync5_2,31,ok,2.747087,141,172,-1,-1,0.846409797668457,6.582674
leader,sync5_2,32,ok,3.078629,141,172,10.397744,4,0.846409797668457,6.816010
leader,sync5_2,48,ok,2.915063,141,172,-1,-1,0.9500906837638468,9.898713
leader,sync5_2,63,ok,3.022894,141,172,-1,-1,0.9764100497477557,12.654874
leader,sync5_2,64,ok,3.137810,141,172,10.283761,5,0.9764100497477557,13.474345
leader,sync5_2,96,ok,2.972420,141,172,-1,-1,0.9975090601528396,19.904320
leader,sync5_2,127,ok,5.100758,141,172,-1,-1,0.999617416044879,27.341935
leader,sync5_2,128,ok,2.950920,141,172,10.146564,6,0.999617416044879,26.638764
leader,sync5_3,8,ok,20.007521,1050,1292,225.795818,2,0.74074074066,1.968882
leader,sync5_3,15,ok,14.567869,1050,1292,-1,-1,0.9327846363657355,3.130571
leader,sync5_3,16,ok,31.394849,1050,1292,177.174058,3,0.9327846363657355,4.228797
leader,sync5_3,31,ok,14.626939,1050,1292,-1,-1,0.9988286911261057,6.406918
leader,sync5_3,32,ok,14.551708,1050,1292,85.411378,4,0.9988286911261008,7.239438
leader,sync5_3,48,ok,14.643760,1050,1292,-1,-1,0.9999795883864472,10.289737
leader,sync5_3,63,ok,14.905972,1050,1292,-1,-1,0.9999986278887182,13.249130
leader,sync5_3,64,ok,14.546318,1050,1292,88.634007,5,0.9999986278887133,14.031594
leader,sync5_3,96,ok,14.825030,1050,1292,-1,-1,0.9999999994362189,20.533460
leader,sync5_3,127,ok,14.663959,1050,1292,-1,-1,0.9999999998523637,25.950920
leader,sync5_3,128,ok,43.911454,1050,1292,161.793417,6,0.9999999998523497,29.009638
leader,sync5_4,8,ok,106.211795,4244,5267,1332.595948,2,0.87890625,2.789832
leader,sync5_4,15,ok,54.519181,4244,5267,-1,-1,0.9853363037109375,3.516240
leader,sync5_4,16,ok,55.911510,4244,5267,390.362992,3,0.9853363037109375,5.387492
leader,sync5_4,31,ok,102.299073,4244,5267,-1,-1,0.9999739619388492,6.865416
leader,sync5_4,32,ok,54.946311,4244,5267,395.641203,4,0.9999739619388492,9.681438
leader,sync5_4,48,ok,54.521976,4244,5267,-1,-1,0.9999999537646843,11.862230
leader,sync5_4,63,ok,73.573215,4244,5267,-1,-1,0.9999999993220193,13.724197
leader,sync5_4,64,ok,54.497911,4244,5267,407.495467,5,0.9999999993220193,17.240268
leader,sync5_4,96,ok,54.907088,4244,5267,-1,-1,0.9999999999999978,22.899311
leader,sync5_4,127,ok,55.097354,4244,5267,-1,-1,0.9999999999999999,27.922577
leader,sync5_4,128,ok,57.076263,4244,5267,393.412296,6,0.9999999999999949,31.593373
brp,16_2,8,ok,36.274493,677,867,344.437823,2,8.000000000000001e-06,3.061939
brp,16_2,15,ok,28.008974,677,867,-1,-1,7.7616e-06,4.711598
brp,16_2,16,ok,32.023336,677,867,92.833676,3,9.41192e-07,5.088512
brp,16_2,31,ok,27.361561,677,867,-1,-1,2.3241680654485703e-07,8.426762
brp,16_2,32,ok,11.029908,677,867,54.707182,4,5.935165549404448e-06,7.047314
brp,16_2,48,ok,10.359052,677,867,-1,-1,1.0224757443365825e-05,10.068432
brp,16_2,63,ok,10.548927,677,867,-1,-1,6.188122290269509e-06,13.189280
brp,16_2,64,ok,10.587369,677,867,58.026162,5,2.3499190658864e-06,13.867204
brp,16_2,96,ok,10.747579,677,867,-1,-1,8.835645696007822e-06,20.624021
brp,16_2,127,ok,10.709107,677,867,-1,-1,1.435848606480508e-14,26.771106
brp,16_2,128,ok,10.640699,677,867,62.500075,6,7.981227818838935e-13,28.159657
brp,64_2,8,ok,41.706772,2693,3459,585.874096,2,8.000000000000001e-06,1.899566
brp,64_2,15,ok,38.387884,2693,3459,-1,-1,7.7616e-06,3.165815
brp,64_2,16,ok,38.506606,2693,3459,198.613250,3,9.41192e-07,3.600670
brp,64_2,31,ok,37.785855,2693,3459,-1,-1,2.3241680654485703e-07,6.534533
brp,64_2,32,ok,37.827383,2693,3459,209.307389,4,5.935165549404448e-06,7.111390
brp,64_2,48,ok,37.731723,2693,3459,-1,-1,1.0224757443365825e-05,9.860954
brp,64_2,63,ok,36.929741,2693,3459,-1,-1,6.188122290269509e-06,13.578385
brp,64_2,64,ok,38.805456,2693,3459,241.186866,5,2.3499190658864e-06,13.956788
brp,64_2,96,ok,37.730391,2693,3459,-1,-1,8.835645696007822e-06,20.698351
brp,64_2,127,ok,38.632472,2693,3459,-1,-1,1.219737653557074e-06,27.027787
brp,64_2,128,ok,37.314532,2693,3459,347.674347,6,6.368939964429695e-06,28.911810
brp,N_16_MAX_2,8,ok,12.284580,677,867,145.510594,2,8.000000000000001e-06,1.894346
brp,N_16_MAX_2,15,ok,10.570127,677,867,-1,-1,7.7616e-06,3.052516
brp,N_16_MAX_2,16,ok,10.657100,677,867,50.630123,3,9.41192e-07,3.500439
brp,N_16_MAX_2,31,ok,10.111728,677,867,-1,-1,2.3241680654485703e-07,6.219635
brp,N_16_MAX_2,32,ok,10.431397,677,867,52.026249,4,5.935165549404448e-06,6.910263
brp,N_16_MAX_2,48,ok,11.133101,677,867,-1,-1,1.0224757443365825e-05,10.335179
brp,N_16_MAX_2,63,ok,10.600003,677,867,-1,-1,6.188122290269509e-06,13.384395
brp,N_16_MAX_2,64,ok,10.671196,677,867,58.603814,5,2.3499190658864e-06,13.955879
brp,N_16_MAX_2,96,ok,10.839562,677,867,-1,-1,8.835645696007822e-06,20.325726
brp,N_16_MAX_2,127,ok,10.701062,677,867,-1,-1,1.435848606480508e-14,27.287345
brp,N_16_MAX_2,128,ok,10.617355,677,867,60.967283,6,7.981227818838935e-13,27.550798
brp,N_16_MAX_3,8,numeric,-1,-1,-1,-1,-1,-1,-1
brp,N_16_MAX_3,15,numeric,-1,-1,-1,-1,-1,-1,-1
brp,N_16_MAX_3,16,ok,13.579546,886,1155,64.919249,3,2.30496e-07,3.632620
brp,N_16_MAX_3,31,ok,13.681547,886,1155,-1,-1,8.817630928356097e-09,6.616908
brp,N_16_MAX_3,32,ok,13.931996,886,1155,72.217675,4,3.0279090465620857e-07,6.992291
brp,N_16_MAX_3,48,ok,13.785732,886,1155,-1,-1,1.0027278247609443e-07,10.392799
brp,N_16_MAX_3,63,ok,13.465462,886,1155,-1,-1,1.1727576238515577e-08,13.513746
brp,N_16_MAX_3,64,ok,14.065737,886,1155,87.647819,5,2.2942044049565312e-07,14.022064
brp,N_16_MAX_3,96,ok,13.468799,886,1155,-1,-1,1.3116456021665463e-07,20.596575
brp,N_16_MAX_3,127,ok,13.938299,886,1155,-1,-1,2.7388230558983225e-15,27.540326
brp,N_16_MAX_3,128,ok,13.827421,886,1155,103.058757,6,4.1149001784028667e-13,27.641202
brp,N_16_MAX_4,8,numeric,-1,-1,-1,-1,-1,-1,-1
brp,N_16_MAX_4,15,numeric,-1,-1,-1,-1,-1,-1,-1
brp,N_16_MAX_4,16,ok,16.031361,1095,1443,78.967573,3,7.84e-09,3.480200
brp,N_16_MAX_4,31,ok,17.077220,1095,1443,-1,-1,2.9260027812224567e-09,6.620113
brp,N_16_MAX_4,32,ok,16.572535,1095,1443,90.533656,4,3.9997067531878195e-09,7.004577
brp,N_16_MAX_4,48,ok,16.607650,1095,1443,-1,-1,7.605363209558781e-09,10.348105
brp,N_16_MAX_4,63,ok,16.946966,1095,1443,-1,-1,4.115772951300068e-10,13.736011
brp,N_16_MAX_4,64,ok,16.582684,1095,1443,125.676660,5,7.920664248495972e-09,14.172823
brp,N_16_MAX_4,96,ok,17.304877,1095,1443,-1,-1,7.4285579475303865e-09,20.574511
brp,N_16_MAX_4,127,ok,16.765586,1095,1443,-1,-1,3.2075141297347755e-16,27.353331
brp,N_16_MAX_4,128,ok,17.862732,1095,1443,182.970149,6,1.3119592906398483e-13,29.515012
brp,N_16_MAX_5,8,numeric,-1,-1,-1,-1,-1,-1,-1
brp,N_16_MAX_5,15,numeric,-1,-1,-1,-1,-1,-1,-1
brp,N_16_MAX_5,16,numeric,-1,-1,-1,-1,-1,-1,-1
brp,N_16_MAX_5,31,ok,20.045943,1304,1731,-1,-1,1.2534201133977604e-12,6.521543
brp,N_16_MAX_5,32,ok,19.785445,1304,1731,106.698818,4,2.372447148435302e-10,7.477239
brp,N_16_MAX_5,48,ok,19.499519,1304,1731,-1,-1,2.3155572147302078e-10,10.282543
brp,N_16_MAX_5,63,ok,20.140270,1304,1731,-1,-1,5.085004933257545e-11,13.404639
brp,N_16_MAX_5,64,ok,54.526645,1304,1731,322.839694,5,1.6674280947617704e-10,15.032784
brp,N_16_MAX_5,96,ok,19.000033,1304,1731,-1,-1,2.2265421797624e-10,20.422401
brp,N_16_MAX_5,127,ok,19.945545,1304,1731,-1,-1,3.1755968046461676e-17,27.654283
brp,N_16_MAX_5,128,ok,19.332406,1304,1731,288.184385,6,3.5269171887896026e-14,30.355107
brp,N_32_MAX_2,8,ok,22.997364,1349,1731,290.630068,2,8.000000000000001e-06,1.933621
brp,N_32_MAX_2,15,ok,19.596591,1349,1731,-1,-1,7.7616e-06,3.130209
brp,N_32_MAX_2,16,ok,20.392072,1349,1731,106.643545,3,9.41192e-07,3.832164
brp,N_32_MAX_2,31,ok,20.368216,1349,1731,-1,-1,2.3241680654485703e-07,6.683075
brp,N_32_MAX_2,32,ok,20.457505,1349,1731,105.820032,4,5.935165549404448e-06,7.071368
brp,N_32_MAX_2,48,ok,20.121935,1349,1731,-1,-1,1.0224757443365825e-05,10.468090
brp,N_32_MAX_2,63,ok,20.050261,1349,1731,-1,-1,6.188122290269509e-06,13.562291
brp,N_32_MAX_2,64,ok,20.475918,1349,1731,120.918994,5,2.3499190658864e-06,14.209019
brp,N_32_MAX_2,96,ok,20.274682,1349,1731,-1,-1,8.835645696007822e-06,21.120018
brp,N_32_MAX_2,127,ok,20.070339,1349,1731,-1,-1,1.219737653557074e-06,27.582674
brp,N_32_MAX_2,128,ok,19.631346,1349,1731,154.471556,6,6.368939964429695e-06,28.238892
brp,N_32_MAX_3,8,numeric,-1,-1,-1,-1,-1,-1,-1
brp,N_32_MAX_3,15,numeric,-1,-1,-1,-1,-1,-1,-1
brp,N_32_MAX_3,16,ok,25.827868,1766,2307,130.460133,3,2.30496e-07,3.571949
brp,N_32_MAX_3,31,ok,25.793653,1766,2307,-1,-1,8.817630928356097e-09,6.738287
brp,N_32_MAX_3,32,ok,52.475051,1766,2307,270.457758,4,3.0279090465620857e-07,7.504988
brp,N_32_MAX_3,48,ok,26.804568,1766,2307,-1,-1,1.0027278247609443e-07,10.455591
brp,N_32_MAX_3,63,ok,25.526022,1766,2307,-1,-1,1.1727576238515577e-08,13.284664
brp,N_32_MAX_3,64,ok,26.215865,1766,2307,185.964770,5,2.2942044049565312e-07,14.107988
brp,N_32_MAX_3,96,ok,26.034865,1766,2307,-1,-1,1.3116456021665463e-07,20.787463
brp,N_32_MAX_3,127,ok,31.644968,1766,2307,-1,-1,3.712763419584692e-08,27.615375
brp,N_32_MAX_3,128,ok,26.497613,1766,2307,319.078455,6,2.4718842989872975e-07,29.683580
brp,N_32_MAX_4,8,numeric,-1,-1,-1,-1,-1,-1,-1
brp,N_32_MAX_4,15,numeric,-1,-1,-1,-1,-1,-1,-1
brp,N_32_MAX_4,16,ok,32.185421,2183,2883,162.788451,3,7.84e-09,3.635924
brp,N_32_MAX_4,31,ok,32.123024,2183,2883,-1,-1,2.9260027812224567e-09,6.388561
brp,N_32_MAX_4,32,ok,31.805569,2183,2883,174.609552,4,3.9997067531878195e-09,6.952601
brp,N_32_MAX_4,48,ok,32.365398,2183,2883,-1,-1,7.605363209558781e-09,10.167140
brp,N_32_MAX_4,63,ok,32.031242,2183,2883,-1,-1,4.115772951300068e-10,13.466495
brp,N_32_MAX_4,64,ok,31.789128,2183,2883,277.072714,5,7.920664248495972e-09,15.211575
brp,N_32_MAX_4,96,ok,31.423112,2183,2883,-1,-1,7.4285579475303865e-09,20.634288
brp,N_32_MAX_4,127,ok,32.222711,2183,2883,-1,-1,1.9466067259485247e-09,27.405711
brp,N_32_MAX_4,128,ok,33.012801,2183,2883,576.137115,6,5.366776302680323e-09,30.640350
brp,N_32_MAX_5,8,numeric,-1,-1,-1,-1,-1,-1,-1
brp,N_32_MAX_5,15,numeric,-1,-1,-1,-1,-1,-1,-1
brp,N_32_MAX_5,16,numeric,-1,-1,-1,-1,-1,-1,-1
brp,N_32_MAX_5,31,ok,37.037122,2600,3459,-1,-1,1.2534201133977604e-12,6.474053
brp,N_32_MAX_5,32,ok,37.542659,2600,3459,215.139449,4,2.372447148435302e-10,7.074367
brp,N_32_MAX_5,48,ok,37.940885,2600,3459,-1,-1,2.3155572147302078e-10,10.277089
brp,N_32_MAX_5,63,ok,38.075278,2600,3459,-1,-1,5.085004933257545e-11,13.511086
brp,N_32_MAX_5,64,ok,38.430463,2600,3459,387.767900,5,1.6674280947617704e-10,15.453146
brp,N_32_MAX_5,96,ok,37.182033,2600,3459,-1,-1,2.2265421797624e-10,20.420806
brp,N_32_MAX_5,127,ok,36.510345,2600,3459,-1,-1,9.367116482984302e-12,27.249417
brp,N_32_MAX_5,128,ok,37.698140,2600,3459,1042.666903,6,2.2581033969938171e-10,29.846935
brp,N_64_MAX_2,8,ok,40.737746,2693,3459,595.593103,2,8.000000000000001e-06,1.941049
brp,N_64_MAX_2,15,ok,38.542844,2693,3459,-1,-1,7.7616e-06,3.097952
brp,N_64_MAX_2,16,ok,38.477762,2693,3459,214.759998,3,9.41192e-07,3.850554
brp,N_64_MAX_2,31,ok,77.025034,2693,3459,-1,-1,2.3241680654485703e-07,7.212446
brp,N_64_MAX_2,32,ok,37.841019,2693,3459,207.571037,4,5.935165549404448e-06,6.755674
brp,N_64_MAX_2,48,ok,36.918500,2693,3459,-1,-1,1.0224757443365825e-05,10.220083
brp,N_64_MAX_2,63,ok,38.267608,2693,3459,-1,-1,6.188122290269509e-06,13.321620
brp,N_64_MAX_2,64,ok,37.351000,2693,3459,235.187546,5,2.3499190658864e-06,13.516034
brp,N_64_MAX_2,96,ok,37.472267,2693,3459,-1,-1,8.835645696007822e-06,20.196349
brp,N_64_MAX_2,127,ok,38.374238,2693,3459,-1,-1,1.219737653557074e-06,26.628854
brp,N_64_MAX_2,128,ok,76.031933,2693,3459,479.553101,6,6.368939964429695e-06,28.967035
brp,N_64_MAX_3,8,numeric,-1,-1,-1,-1,-1,-1,-1
brp,N_64_MAX_3,15,numeric,-1,-1,-1,-1,-1,-1,-1
brp,N_64_MAX_3,16,ok,51.109011,3526,4611,267.692827,3,2.30496e-07,3.760437
brp,N_64_MAX_3,31,ok,50.695195,3526,4611,-1,-1,8.817630928356097e-09,6.536274
brp,N_64_MAX_3,32,ok,49.565719,3526,4611,281.584829,4,3.0279090465620857e-07,6.895253
brp,N_64_MAX_3,48,ok,49.276096,3526,4611,-1,-1,1.0027278247609443e-07,10.032779
brp,N_64_MAX_3,63,ok,48.902536,3526,4611,-1,-1,1.1727576238515577e-08,13.248871
brp,N_64_MAX_3,64,ok,102.812255,3526,4611,629.868020,5,2.2942044049565312e-07,15.144833
brp,N_64_MAX_3,96,ok,49.203690,3526,4611,-1,-1,1.3116456021665463e-07,20.180658
brp,N_64_MAX_3,127,ok,49.960729,3526,4611,-1,-1,3.712763419584692e-08,27.293746
brp,N_64_MAX_3,128,ok,50.394212,3526,4611,732.003517,6,2.4718842989872975e-07,29.159733
brp,N_64_MAX_4,8,numeric,-1,-1,-1,-1,-1,-1,-1
brp,N_64_MAX_4,15,numeric,-1,-1,-1,-1,-1,-1,-1
brp,N_64_MAX_4,16,ok,60.006443,4359,5763,331.608595,3,7.84e-09,3.593353
brp,N_64_MAX_4,31,ok,62.090037,4359,5763,-1,-1,2.9260027812224567e-09,6.581193
brp,N_64_MAX_4,32,ok,69.202305,4359,5763,367.291620,4,3.9997067531878195e-09,6.908903
brp,N_64_MAX_4,48,ok,66.348407,4359,5763,-1,-1,7.605363209558781e-09,10.197178
brp,N_64_MAX_4,63,ok,62.940581,4359,5763,-1,-1,4.115772951300068e-10,13.011804
brp,N_64_MAX_4,64,ok,63.023757,4359,5763,571.821559,5,7.920664248495972e-09,15.418517
brp,N_64_MAX_4,96,ok,79.160665,4359,5763,-1,-1,7.4285579475303865e-09,20.404687
brp,N_64_MAX_4,127,ok,66.101926,4359,5763,-1,-1,1.9466067259485247e-09,27.452330
brp,N_64_MAX_4,128,ok,62.847281,4359,5763,1483.322089,6,5.366776302680323e-09,28.944478
brp,N_64_MAX_5,8,numeric,-1,-1,-1,-1,-1,-1,-1
brp,N_64_MAX_5,15,numeric,-1,-1,-1,-1,-1,-1,-1
brp,N_64_MAX_5,16,numeric,-1,-1,-1,-1,-1,-1,-1
brp,N_64_MAX_5,31,ok,93.728210,5192,6915,-1,-1,1.2534201133977604e-12,6.507347
brp,N_64_MAX_5,32,ok,76.114964,5192,6915,459.515339,4,2.372447148435302e-10,7.110057
brp,N_64_MAX_5,48,ok,72.907404,5192,6915,-1,-1,2.3155572147302078e-10,9.944930
brp,N_64_MAX_5,63,ok,77.240092,5192,6915,-1,-1,5.085004933257545e-11,14.041565
brp,N_64_MAX_5,64,ok,80.902856,5192,6915,839.744362,5,1.6674280947617704e-10,15.327270
brp,N_64_MAX_5,96,ok,75.423178,5192,6915,-1,-1,2.2265421797624e-10,20.646353
brp,N_64_MAX_5,127,ok,74.361518,5192,6915,-1,-1,9.367116482984302e-12,28.050969
brp,N_64_MAX_5,128,ok,91.294860,5192,6915,2490.333988,6,2.2581033969938171e-10,29.221644
crowds,5_5,8,numeric,-1,-1,-1,-1,-1,-1,-1
crowds,5_5,15,ok,289.339546,8653,14953,-1,-1,0.01068977728,3.495807
crowds,5_5,16,ok,325.510285,8653,14953,1280.946002,3,0.01068977728,3.594203
crowds,5_5,31,ok,292.669466,8653,14953,-1,-1,0.03999346555398657,6.925375
crowds,5_5,32,ok,158.342719,8653,14953,805.374475,4,0.041580326880435045,7.282757
crowds,5_5,48,ok,149.518825,8653,14953,-1,-1,0.08156738850192194,10.973266
crowds,5_5,63,ok,152.594218,8653,14953,-1,-1,0.11304660871651237,14.550182
crowds,5_5,64,ok,153.060080,8653,14953,1020.149840,5,0.11514464337580466,15.341593
crowds,5_5,96,ok,153.489926,8653,14953,-1,-1,0.14136042033878402,21.307795
crowds,5_5,127,ok,156.256469,8653,14953,-1,-1,0.14535066926486434,28.293556
crowds,5_5,128,ok,152.025241,8653,14953,1033.977391,6,0.14538921683829678,29.842062
crowds,TotalRuns_3_CrowdSize_10,8,numeric,-1,-1,-1,-1,-1,-1,-1
crowds,TotalRuns_3_CrowdSize_10,15,ok,185.150713,6563,15143,-1,-1,0.00948538864,3.113284
crowds,TotalRuns_3_CrowdSize_10,16,ok,145.622814,6563,15143,527.989268,3,0.00948538864,3.571474
crowds,TotalRuns_3_CrowdSize_10,31,ok,147.723300,6563,15143,-1,-1,0.02688659388507643,6.571540
crowds,TotalRuns_3_CrowdSize_10,32,ok,149.045498,6563,15143,592.335303,4,0.027631210504291827,7.400010
crowds,TotalRuns_3_CrowdSize_10,48,ok,149.431601,6563,15143,-1,-1,0.03443469911006062,10.361292
crowds,TotalRuns_3_CrowdSize_10,63,ok,151.984976,6563,15143,-1,-1,0.036133673139518964,13.985395
crowds,TotalRuns_3_CrowdSize_10,64,ok,146.472767,6563,15143,642.975445,5,0.03613367313951898,15.365099
crowds,TotalRuns_3_CrowdSize_10,96,ok,301.480677,6563,15143,-1,-1,0.0367566806549344,20.684202
crowds,TotalRuns_3_CrowdSize_10,127,ok,148.892571,6563,15143,-1,-1,0.036788731909956254,27.729957
crowds,TotalRuns_3_CrowdSize_10,128,ok,147.454377,6563,15143,643.296726,6,0.03678890083921648,28.827971
crowds,TotalRuns_3_CrowdSize_15,8,numeric,-1,-1,-1,-1,-1,-1,-1
crowds,TotalRuns_3_CrowdSize_15,15,ok,602.586713,19228,55948,-1,-1,0.009083925760040147,3.377161
crowds,TotalRuns_3_CrowdSize_15,16,ok,582.372394,19228,55948,1958.282724,3,0.009083925760040145,3.844357
crowds,TotalRuns_3_CrowdSize_15,31,ok,589.194458,19228,55948,-1,-1,0.024500837236808497,7.123590
crowds,TotalRuns_3_CrowdSize_15,32,ok,599.423415,19228,55948,2389.454923,4,0.025089582604809556,8.850318
crowds,TotalRuns_3_CrowdSize_15,48,ok,587.011467,19228,55948,-1,-1,0.030356790108055722,11.000843
crowds,TotalRuns_3_CrowdSize_15,63,ok,572.556541,19228,55948,-1,-1,0.03156026756929302,15.132477
crowds,TotalRuns_3_CrowdSize_15,64,ok,600.217359,19228,55948,2929.051358,5,0.031560267569293,19.266837
crowds,TotalRuns_3_CrowdSize_15,96,ok,572.176194,19228,55948,-1,-1,0.03197450288590591,22.621187
crowds,TotalRuns_3_CrowdSize_15,127,ok,596.762895,19228,55948,-1,-1,0.03199428131417272,29.207912
crowds,TotalRuns_3_CrowdSize_15,128,ok,582.065735,19228,55948,2743.571597,6,0.03199438340148409,35.305770
crowds,TotalRuns_3_CrowdSize_20,8,numeric,-1,-1,-1,-1,-1,-1,-1
crowds,TotalRuns_3_CrowdSize_20,15,ok,1578.247052,42318,148578,-1,-1,0.008883194320000001,3.550402
crowds,TotalRuns_3_CrowdSize_20,16,ok,1559.579030,42318,148578,5915.348949,3,0.00888319432,4.071250
crowds,TotalRuns_3_CrowdSize_20,31,ok,1532.033244,42318,148578,-1,-1,0.023337689091875745,8.264233
crowds,TotalRuns_3_CrowdSize_20,32,ok,1630.431487,42318,148578,7823.434679,4,0.023852108738407544,12.237569
crowds,TotalRuns_3_CrowdSize_20,48,ok,1575.401109,42318,148578,-1,-1,0.028396791192930086,12.924903
crowds,TotalRuns_3_CrowdSize_20,63,ok,1917.064766,42318,148578,-1,-1,0.029375228090138216,17.894709
crowds,TotalRuns_3_CrowdSize_20,64,ok,1555.714469,42318,148578,9168.604969,5,0.02937522809013822,30.163250
crowds,TotalRuns_3_CrowdSize_20,96,ok,1545.785543,42318,148578,-1,-1,0.029697574518588208,28.202005
crowds,TotalRuns_3_CrowdSize_20,127,ok,1541.634345,42318,148578,-1,-1,0.029712161759385156,33.864654
crowds,TotalRuns_3_CrowdSize_20,128,ok,1526.988110,42318,148578,9070.002513,6,0.029712235507394408,52.529007
crowds,TotalRuns_3_CrowdSize_5,8,numeric,-1,-1,-1,-1,-1,-1,-1
crowds,TotalRuns_3_CrowdSize_5,15,ok,22.695538,1198,2038,-1,-1,0.01068977728,3.084519
crowds,TotalRuns_3_CrowdSize_5,16,ok,21.229871,1198,2038,87.741685,3,0.01068977728,3.771991
crowds,TotalRuns_3_CrowdSize_5,31,ok,22.482499,1198,2038,-1,-1,0.03451585878440051,6.666243
crowds,TotalRuns_3_CrowdSize_5,32,ok,21.874510,1198,2038,88.962122,4,0.03578216969026214,6.940279
crowds,TotalRuns_3_CrowdSize_5,48,ok,21.922730,1198,2038,-1,-1,0.047900791731937946,10.163659
crowds,TotalRuns_3_CrowdSize_5,63,ok,21.968896,1198,2038,-1,-1,0.05143368395000492,13.064201
crowds,TotalRuns_3_CrowdSize_5,64,ok,21.707787,1198,2038,93.493613,5,0.051433683950004916,13.680543
crowds,TotalRuns_3_CrowdSize_5,96,ok,21.647925,1198,2038,-1,-1,0.05287350132274193,19.632068
crowds,TotalRuns_3_CrowdSize_5,127,ok,42.874100,1198,2038,-1,-1,0.05295674048185209,27.402440
crowds,TotalRuns_3_CrowdSize_5,128,ok,22.830361,1198,2038,96.497452,6,0.05295717679870761,28.180437
crowds,TotalRuns_4_CrowdSize_10,8,numeric,-1,-1,-1,-1,-1,-1,-1
crowds,TotalRuns_4_CrowdSize_10,15,ok,721.650907,30070,70110,-1,-1,0.00948538864,3.365244
crowds,TotalRuns_4_CrowdSize_10,16,ok,718.789124,30070,70110,3495.862479,3,0.00948538864,3.861781
crowds,TotalRuns_4_CrowdSize_10,31,ok,727.701074,30070,70110,-1,-1,0.032075580195317005,7.012444
crowds,TotalRuns_4_CrowdSize_10,32,ok,729.863597,30070,70110,4160.524989,4,0.03296117636919385,8.271448
crowds,TotalRuns_4_CrowdSize_10,48,ok,1225.757608,30070,70110,-1,-1,0.05399863363192585,11.720972
crowds,TotalRuns_4_CrowdSize_10,63,ok,704.745549,30070,70110,-1,-1,0.0629658953555752,16.557039
crowds,TotalRuns_4_CrowdSize_10,64,ok,760.271877,30070,70110,5888.585969,5,0.06343391072020568,22.551045
crowds,TotalRuns_4_CrowdSize_10,96,ok,733.238711,30070,70110,-1,-1,0.06760315316138002,24.213143
crowds,TotalRuns_4_CrowdSize_10,127,ok,730.058331,30070,70110,-1,-1,0.06796017610972893,31.520156
crowds,TotalRuns_4_CrowdSize_10,128,ok,721.238173,30070,70110,5377.650962,6,0.06796083890466308,41.863477
crowds,TotalRuns_4_CrowdSize_15,8,overflow,-1,-1,-1,-1,-1,-1,-1
crowds,TotalRuns_4_CrowdSize_15,15,overflow,-1,-1,-1,-1,-1,-1,-1
crowds,TotalRuns_4_CrowdSize_15,16,overflow,-1,-1,-1,-1,-1,-1,-1
crowds,TotalRuns_4_CrowdSize_15,31,overflow,-1,-1,-1,-1,-1,-1,-1
crowds,TotalRuns_4_CrowdSize_15,32,overflow,-1,-1,-1,-1,-1,-1,-1
crowds,TotalRuns_4_CrowdSize_15,48,overflow,-1,-1,-1,-1,-1,-1,-1
crowds,TotalRuns_4_CrowdSize_15,63,overflow,-1,-1,-1,-1,-1,-1,-1
crowds,TotalRuns_4_CrowdSize_15,64,overflow,-1,-1,-1,-1,-1,-1,-1
crowds,TotalRuns_4_CrowdSize_15,96,overflow,-1,-1,-1,-1,-1,-1,-1
crowds,TotalRuns_4_CrowdSize_15,127,overflow,-1,-1,-1,-1,-1,-1,-1
crowds,TotalRuns_4_CrowdSize_15,128,overflow,-1,-1,-1,-1,-1,-1,-1
crowds,TotalRuns_4_CrowdSize_20,8,overflow,-1,-1,-1,-1,-1,-1,-1
crowds,TotalRuns_4_CrowdSize_20,15,overflow,-1,-1,-1,-1,-1,-1,-1
crowds,TotalRuns_4_CrowdSize_20,16,overflow,-1,-1,-1,-1,-1,-1,-1
crowds,TotalRuns_4_CrowdSize_20,31,overflow,-1,-1,-1,-1,-1,-1,-1
crowds,TotalRuns_4_CrowdSize_20,32,overflow,-1,-1,-1,-1,-1,-1,-1
crowds,TotalRuns_4_CrowdSize_20,48,overflow,-1,-1,-1,-1,-1,-1,-1
crowds,TotalRuns_4_CrowdSize_20,63,overflow,-1,-1,-1,-1,-1,-1,-1
crowds,TotalRuns_4_CrowdSize_20,64,overflow,-1,-1,-1,-1,-1,-1,-1
crowds,TotalRuns_4_CrowdSize_20,96,overflow,-1,-1,-1,-1,-1,-1,-1
crowds,TotalRuns_4_CrowdSize_20,127,overflow,-1,-1,-1,-1,-1,-1,-1
crowds,TotalRuns_4_CrowdSize_20,128,overflow,-1,-1,-1,-1,-1,-1,-1
crowds,TotalRuns_4_CrowdSize_5,8,numeric,-1,-1,-1,-1,-1,-1,-1
crowds,TotalRuns_4_CrowdSize_5,15,ok,88.860678,3515,6035,-1,-1,0.01068977728,3.058192
crowds,TotalRuns_4_CrowdSize_5,16,ok,124.388816,3515,6035,503.142913,3,0.01068977728,3.823176
crowds,TotalRuns_4_CrowdSize_5,31,ok,62.913486,3515,6035,-1,-1,0.03999346555398657,6.350050
crowds,TotalRuns_4_CrowdSize_5,32,ok,74.525806,3515,6035,292.694588,4,0.041381294190465476,7.047591
crowds,TotalRuns_4_CrowdSize_5,48,ok,80.249552,3515,6035,-1,-1,0.0717403086240146,9.994207
crowds,TotalRuns_4_CrowdSize_5,63,ok,77.682892,3515,6035,-1,-1,0.0866181575587332,13.124632
crowds,TotalRuns_4_CrowdSize_5,64,ok,130.423143,3515,6035,568.862428,5,0.08746643540712593,14.104476
crowds,TotalRuns_4_CrowdSize_5,96,ok,62.552810,3515,6035,-1,-1,0.09535866724960068,20.140402
crowds,TotalRuns_4_CrowdSize_5,127,ok,61.272019,3515,6035,-1,-1,0.09613648556838086,27.436851
crowds,TotalRuns_4_CrowdSize_5,128,ok,62.645813,3515,6035,311.086063,6,0.09613786458250603,27.490960
crowds,TotalRuns_5_CrowdSize_10,8,overflow,-1,-1,-1,-1,-1,-1,-1
crowds,TotalRuns_5_CrowdSize_10,15,overflow,-1,-1,-1,-1,-1,-1,-1
crowds,TotalRuns_5_CrowdSize_10,16,overflow,-1,-1,-1,-1,-1,-1,-1
crowds,TotalRuns_5_CrowdSize_10,31,overflow,-1,-1,-1,-1,-1,-1,-1
crowds,TotalRuns_5_CrowdSize_10,32,overflow,-1,-1,-1,-1,-1,-1,-1
crowds,TotalRuns_5_CrowdSize_10,48,overflow,-1,-1,-1,-1,-1,-1,-1
crowds,TotalRuns_5_CrowdSize_10,63,overflow,-1,-1,-1,-1,-1,-1,-1
crowds,TotalRuns_5_CrowdSize_10,64,overflow,-1,-1,-1,-1,-1,-1,-1
crowds,TotalRuns_5_CrowdSize_10,96,overflow,-1,-1,-1,-1,-1,-1,-1
crowds,TotalRuns_5_CrowdSize_10,127,overflow,-1,-1,-1,-1,-1,-1,-1
crowds,TotalRuns_5_CrowdSize_10,128,overflow,-1,-1,-1,-1,-1,-1,-1
crowds,TotalRuns_5_CrowdSize_15,8,overflow,-1,-1,-1,-1,-1,-1,-1
crowds,TotalRuns_5_CrowdSize_15,15,overflow,-1,-1,-1,-1,-1,-1,-1
crowds,TotalRuns_5_CrowdSize_15,16,overflow,-1,-1,-1,-1,-1,-1,-1
crowds,TotalRuns_5_CrowdSize_15,31,overflow,-1,-1,-1,-1,-1,-1,-1
crowds,TotalRuns_5_CrowdSize_15,32,overflow,-1,-1,-1,-1,-1,-1,-1
crowds,TotalRuns_5_CrowdSize_15,48,overflow,-1,-1,-1,-1,-1,-1,-1
crowds,TotalRuns_5_CrowdSize_15,63,overflow,-1,-1,-1,-1,-1,-1,-1
crowds,TotalRuns_5_CrowdSize_15,64,overflow,-1,-1,-1,-1,-1,-1,-1
crowds,TotalRuns_5_CrowdSize_15,96,overflow,-1,-1,-1,-1,-1,-1,-1
crowds,TotalRuns_5_CrowdSize_15,127,overflow,-1,-1,-1,-1,-1,-1,-1
crowds,TotalRuns_5_CrowdSize_15,128,overflow,-1,-1,-1,-1,-1,-1,-1
crowds,TotalRuns_5_CrowdSize_20,8,overflow,-1,-1,-1,-1,-1,-1,-1
crowds,TotalRuns_5_CrowdSize_20,15,overflow,-1,-1,-1,-1,-1,-1,-1
crowds,TotalRuns_5_CrowdSize_20,16,overflow,-1,-1,-1,-1,-1,-1,-1
crowds,TotalRuns_5_CrowdSize_20,31,overflow,-1,-1,-1,-1,-1,-1,-1
crowds,TotalRuns_5_CrowdSize_20,32,overflow,-1,-1,-1,-1,-1,-1,-1
crowds,TotalRuns_5_CrowdSize_20,48,overflow,-1,-1,-1,-1,-1,-1,-1
crowds,TotalRuns_5_CrowdSize_20,63,overflow,-1,-1,-1,-1,-1,-1,-1
crowds,TotalRuns_5_CrowdSize_20,64,overflow,-1,-1,-1,-1,-1,-1,-1
crowds,TotalRuns_5_CrowdSize_20,96,overflow,-1,-1,-1,-1,-1,-1,-1
crowds,TotalRuns_5_CrowdSize_20,127,overflow,-1,-1,-1,-1,-1,-1,-1
crowds,TotalRuns_5_CrowdSize_20,128,overflow,-1,-1,-1,-1,-1,-1,-1
crowds,TotalRuns_5_CrowdSize_5,8,numeric,-1,-1,-1,-1,-1,-1,-1
crowds,TotalRuns_5_CrowdSize_5,15,ok,157.724060,8653,14953,-1,-1,0.01068977728,3.152151
crowds,TotalRuns_5_CrowdSize_5,16,ok,152.902876,8653,14953,740.190778,3,0.01068977728,3.720043
crowds,TotalRuns_5_CrowdSize_5,31,ok,154.710470,8653,14953,-1,-1,0.03999346555398657,6.664809
crowds,TotalRuns_5_CrowdSize_5,32,ok,230.345695,8653,14953,923.139014,4,0.041580326880435045,7.121320
crowds,TotalRuns_5_CrowdSize_5,48,ok,155.629071,8653,14953,-1,-1,0.08156738850192194,10.489950
crowds,TotalRuns_5_CrowdSize_5,63,ok,156.536742,8653,14953,-1,-1,0.11304660871651237,14.134138
crowds,TotalRuns_5_CrowdSize_5,64,ok,157.662713,8653,14953,1016.626479,5,0.11514464337580466,14.987714
crowds,TotalRuns_5_CrowdSize_5,96,ok,158.625558,8653,14953,-1,-1,0.14136042033878402,21.606052
crowds,TotalRuns_5_CrowdSize_5,127,ok,154.194703,8653,14953,-1,-1,0.14535066926486434,28.591560
crowds,TotalRuns_5_CrowdSize_5,128,ok,156.027478,8653,14953,1020.920918,6,0.14538921683829678,30.596016
crowds,TotalRuns_6_CrowdSize_10,8,overflow,-1,-1,-1,-1,-1,-1,-1
crowds,TotalRuns_6_CrowdSize_10,15,overflow,-1,-1,-1,-1,-1,-1,-1
crowds,TotalRuns_6_CrowdSize_10,16,overflow,-1,-1,-1,-1,-1,-1,-1
crowds,TotalRuns_6_CrowdSize_10,31,overflow,-1,-1,-1,-1,-1,-1,-1
crowds,TotalRuns_6_CrowdSize_10,32,overflow,-1,-1,-1,-1,-1,-1,-1
crowds,TotalRuns_6_CrowdSize_10,48,overflow,-1,-1,-1,-1,-1,-1,-1
crowds,TotalRuns_6_CrowdSize_10,63,overflow,-1,-1,-1,-1,-1,-1,-1
crowds,TotalRuns_6_CrowdSize_10,64,overflow,-1,-1,-1,-1,-1,-1,-1
crowds,TotalRuns_6_CrowdSize_10,96,overflow,-1,-1,-1,-1,-1,-1,-1
crowds,TotalRuns_6_CrowdSize_10,127,overflow,-1,-1,-1,-1,-1,-1,-1
crowds,TotalRuns_6_CrowdSize_10,128,overflow,-1,-1,-1,-1,-1,-1,-1
crowds,TotalRuns_6_CrowdSize_15,8,overflow,-1,-1,-1,-1,-1,-1,-1
crowds,TotalRuns_6_CrowdSize_15,15,overflow,-1,-1,-1,-1,-1,-1,-1
crowds,TotalRuns_6_CrowdSize_15,16,overflow,-1,-1,-1,-1,-1,-1,-1
crowds,TotalRuns_6_CrowdSize_15,31,overflow,-1,-1,-1,-1,-1,-1,-1
crowds,TotalRuns_6_CrowdSize_15,32,overflow,-1,-1,-1,-1,-1,-1,-1
crowds,TotalRuns_6_CrowdSize_15,48,overflow,-1,-1,-1,-1,-1,-1,-1
crowds,TotalRuns_6_CrowdSize_15,63,overflow,-1,-1,-1,-1,-1,-1,-1
crowds,TotalRuns_6_CrowdSize_15,64,overflow,-1,-1,-1,-1,-1,-1,-1
crowds,TotalRuns_6_CrowdSize_15,96,overflow,-1,-1,-1,-1,-1,-1,-1
crowds,TotalRuns_6_CrowdSize_15,127,overflow,-1,-1,-1,-1,-1,-1,-1
crowds,TotalRuns_6_CrowdSize_15,128,overflow,-1,-1,-1,-1,-1,-1,-1
crowds,TotalRuns_6_CrowdSize_20,8,overflow,-1,-1,-1,-1,-1,-1,-1
crowds,TotalRuns_6_CrowdSize_20,15,overflow,-1,-1,-1,-1,-1,-1,-1
crowds,TotalRuns_6_CrowdSize_20,16,overflow,-1,-1,-1,-1,-1,-1,-1
crowds,TotalRuns_6_CrowdSize_20,31,overflow,-1,-1,-1,-1,-1,-1,-1
crowds,TotalRuns_6_CrowdSize_20,32,overflow,-1,-1,-1,-1,-1,-1,-1
crowds,TotalRuns_6_CrowdSize_20,48,overflow,-1,-1,-1,-1,-1,-1,-1
crowds,TotalRuns_6_CrowdSize_20,63,overflow,-1,-1,-1,-1,-1,-1,-1
crowds,TotalRuns_6_CrowdSize_20,64,Killed,-1,-1,-1,-1,-1,-1,-1
crowds,TotalRuns_6_CrowdSize_20,96,Killed,-1,-1,-1,-1,-1,-1,-1
crowds,TotalRuns_6_CrowdSize_20,127,Killed,-1,-1,-1,-1,-1,-1,-1
crowds,TotalRuns_6_CrowdSize_20,128,Killed,-1,-1,-1,-1,-1,-1,-1
crowds,TotalRuns_6_CrowdSize_5,8,numeric,-1,-1,-1,-1,-1,-1,-1
crowds,TotalRuns_6_CrowdSize_5,15,ok,378.245033,18817,32677,-1,-1,0.01068977728,3.399528
crowds,TotalRuns_6_CrowdSize_5,16,ok,366.030419,18817,32677,1932.219357,3,0.01068977728,3.965340
crowds,TotalRuns_6_CrowdSize_5,31,ok,365.532485,18817,32677,-1,-1,0.03999346555398657,6.866897
crowds,TotalRuns_6_CrowdSize_5,32,ok,362.003661,18817,32677,2260.152788,4,0.041580326880435045,7.558121
crowds,TotalRuns_6_CrowdSize_5,48,ok,371.413249,18817,32677,-1,-1,0.08317415712311739,11.766344
crowds,TotalRuns_6_CrowdSize_5,63,ok,368.956333,18817,32677,-1,-1,0.12555666920789949,18.408750
crowds,TotalRuns_6_CrowdSize_5,64,ok,705.322680,18817,32677,3779.696155,5,0.12818450817326016,18.386217
crowds,TotalRuns_6_CrowdSize_5,96,ok,712.524900,18817,32677,-1,-1,0.18379331244230893,25.770061
crowds,TotalRuns_6_CrowdSize_5,127,ok,435.144444,18817,32677,-1,-1,0.19694560018219445,34.038874
crowds,TotalRuns_6_CrowdSize_5,128,Killed,-1,-1,-1,-1,-1,-1,-1
nand,N_20_K_1,8,overflow,-1,-1,-1,-1,-1,-1,-1
nand,N_20_K_1,15,overflow,-1,-1,-1,-1,-1,-1,-1
nand,N_20_K_1,16,overflow,-1,-1,-1,-1,-1,-1,-1
nand,N_20_K_1,31,overflow,-1,-1,-1,-1,-1,-1,-1
nand,N_20_K_1,32,overflow,-1,-1,-1,-1,-1,-1,-1
nand,N_20_K_1,48,overflow,-1,-1,-1,-1,-1,-1,-1
nand,N_20_K_1,63,overflow,-1,-1,-1,-1,-1,-1,-1
nand,N_20_K_1,64,overflow,-1,-1,-1,-1,-1,-1,-1
nand,N_20_K_1,96,overflow,-1,-1,-1,-1,-1,-1,-1
nand,N_20_K_1,127,overflow,-1,-1,-1,-1,-1,-1,-1
nand,N_20_K_1,128,overflow,-1,-1,-1,-1,-1,-1,-1
nand,N_20_K_2,8,overflow,-1,-1,-1,-1,-1,-1,-1
nand,N_20_K_2,15,overflow,-1,-1,-1,-1,-1,-1,-1
nand,N_20_K_2,16,overflow,-1,-1,-1,-1,-1,-1,-1
nand,N_20_K_2,31,overflow,-1,-1,-1,-1,-1,-1,-1
nand,N_20_K_2,32,overflow,-1,-1,-1,-1,-1,-1,-1
nand,N_20_K_2,48,overflow,-1,-1,-1,-1,-1,-1,-1
nand,N_20_K_2,63,overflow,-1,-1,-1,-1,-1,-1,-1
nand,N_20_K_2,64,overflow,-1,-1,-1,-1,-1,-1,-1
nand,N_20_K_2,96,overflow,-1,-1,-1,-1,-1,-1,-1
nand,N_20_K_2,127,overflow,-1,-1,-1,-1,-1,-1,-1
nand,N_20_K_2,128,overflow,-1,-1,-1,-1,-1,-1,-1
nand,N_20_K_3,8,overflow,-1,-1,-1,-1,-1,-1,-1
nand,N_20_K_3,15,overflow,-1,-1,-1,-1,-1,-1,-1
nand,N_20_K_3,16,overflow,-1,-1,-1,-1,-1,-1,-1
nand,N_20_K_3,31,overflow,-1,-1,-1,-1,-1,-1,-1
nand,N_20_K_3,32,overflow,-1,-1,-1,-1,-1,-1,-1
nand,N_20_K_3,48,overflow,-1,-1,-1,-1,-1,-1,-1
nand,N_20_K_3,63,overflow,-1,-1,-1,-1,-1,-1,-1
nand,N_20_K_3,64,overflow,-1,-1,-1,-1,-1,-1,-1
nand,N_20_K_3,96,overflow,-1,-1,-1,-1,-1,-1,-1
nand,N_20_K_3,127,overflow,-1,-1,-1,-1,-1,-1,-1
nand,N_20_K_3,128,overflow,-1,-1,-1,-1,-1,-1,-1
nand,N_20_K_4,8,overflow,-1,-1,-1,-1,-1,-1,-1
nand,N_20_K_4,15,overflow,-1,-1,-1,-1,-1,-1,-1
nand,N_20_K_4,16,overflow,-1,-1,-1,-1,-1,-1,-1
nand,N_20_K_4,31,overflow,-1,-1,-1,-1,-1,-1,-1
nand,N_20_K_4,32,overflow,-1,-1,-1,-1,-1,-1,-1
nand,N_20_K_4,48,overflow,-1,-1,-1,-1,-1,-1,-1
nand,N_20_K_4,63,overflow,-1,-1,-1,-1,-1,-1,-1
nand,N_20_K_4,64,overflow,-1,-1,-1,-1,-1,-1,-1
nand,N_20_K_4,96,overflow,-1,-1,-1,-1,-1,-1,-1
nand,N_20_K_4,127,overflow,-1,-1,-1,-1,-1,-1,-1
nand,N_20_K_4,128,overflow,-1,-1,-1,-1,-1,-1,-1
nand,N_40_K_1,8,overflow,-1,-1,-1,-1,-1,-1,-1
nand,N_40_K_1,15,overflow,-1,-1,-1,-1,-1,-1,-1
nand,N_40_K_1,16,overflow,-1,-1,-1,-1,-1,-1,-1
nand,N_40_K_1,31,overflow,-1,-1,-1,-1,-1,-1,-1
nand,N_40_K_1,32,overflow,-1,-1,-1,-1,-1,-1,-1
nand,N_40_K_1,48,overflow,-1,-1,-1,-1,-1,-1,-1
nand,N_40_K_1,63,overflow,-1,-1,-1,-1,-1,-1,-1
nand,N_40_K_1,64,overflow,-1,-1,-1,-1,-1,-1,-1
nand,N_40_K_1,96,overflow,-1,-1,-1,-1,-1,-1,-1
nand,N_40_K_1,127,overflow,-1,-1,-1,-1,-1,-1,-1
nand,N_40_K_1,128,overflow,-1,-1,-1,-1,-1,-1,-1
nand,N_40_K_2,8,overflow,-1,-1,-1,-1,-1,-1,-1
nand,N_40_K_2,15,overflow,-1,-1,-1,-1,-1,-1,-1
nand,N_40_K_2,16,overflow,-1,-1,-1,-1,-1,-1,-1
nand,N_40_K_2,31,overflow,-1,-1,-1,-1,-1,-1,-1
nand,N_40_K_2,32,overflow,-1,-1,-1,-1,-1,-1,-1
nand,N_40_K_2,48,overflow,-1,-1,-1,-1,-1,-1,-1
nand,N_40_K_2,63,overflow,-1,-1,-1,-1,-1,-1,-1
nand,N_40_K_2,64,overflow,-1,-1,-1,-1,-1,-1,-1
nand,N_40_K_2,96,overflow,-1,-1,-1,-1,-1,-1,-1
nand,N_40_K_2,127,overflow,-1,-1,-1,-1,-1,-1,-1
nand,N_40_K_2,128,overflow,-1,-1,-1,-1,-1,-1,-1
nand,N_40_K_3,8,overflow,-1,-1,-1,-1,-1,-1,-1
nand,N_40_K_3,15,overflow,-1,-1,-1,-1,-1,-1,-1
nand,N_40_K_3,16,overflow,-1,-1,-1,-1,-1,-1,-1
nand,N_40_K_3,31,overflow,-1,-1,-1,-1,-1,-1,-1
nand,N_40_K_3,32,overflow,-1,-1,-1,-1,-1,-1,-1
nand,N_40_K_3,48,overflow,-1,-1,-1,-1,-1,-1,-1
nand,N_40_K_3,63,overflow,-1,-1,-1,-1,-1,-1,-1
nand,N_40_K_3,64,overflow,-1,-1,-1,-1,-1,-1,-1
nand,N_40_K_3,96,overflow,-1,-1,-1,-1,-1,-1,-1
nand,N_40_K_3,127,overflow,-1,-1,-1,-1,-1,-1,-1
nand,N_40_K_3,128,overflow,-1,-1,-1,-1,-1,-1,-1
nand,N_40_K_4,8,overflow,-1,-1,-1,-1,-1,-1,-1
nand,N_40_K_4,15,overflow,-1,-1,-1,-1,-1,-1,-1
nand,N_40_K_4,16,overflow,-1,-1,-1,-1,-1,-1,-1
nand,N_40_K_4,31,overflow,-1,-1,-1,-1,-1,-1,-1
nand,N_40_K_4,32,overflow,-1,-1,-1,-1,-1,-1,-1
nand,N_40_K_4,48,overflow,-1,-1,-1,-1,-1,-1,-1
nand,N_40_K_4,63,overflow,-1,-1,-1,-1,-1,-1,-1
nand,N_40_K_4,64,overflow,-1,-1,-1,-1,-1,-1,-1
nand,N_40_K_4,96,overflow,-1,-1,-1,-1,-1,-1,-1
nand,N_40_K_4,127,overflow,-1,-1,-1,-1,-1,-1,-1
nand,N_40_K_4,128,overflow,-1,-1,-1,-1,-1,-1,-1
nand,N_60_K_1,8,overflow,-1,-1,-1,-1,-1,-1,-1
nand,N_60_K_1,15,overflow,-1,-1,-1,-1,-1,-1,-1
nand,N_60_K_1,16,overflow,-1,-1,-1,-1,-1,-1,-1
nand,N_60_K_1,31,overflow,-1,-1,-1,-1,-1,-1,-1
nand,N_60_K_1,32,overflow,-1,-1,-1,-1,-1,-1,-1
nand,N_60_K_1,48,overflow,-1,-1,-1,-1,-1,-1,-1
nand,N_60_K_1,63,overflow,-1,-1,-1,-1,-1,-1,-1
nand,N_60_K_1,64,overflow,-1,-1,-1,-1,-1,-1,-1
nand,N_60_K_1,96,overflow,-1,-1,-1,-1,-1,-1,-1
nand,N_60_K_1,127,overflow,-1,-1,-1,-1,-1,-1,-1
nand,N_60_K_1,128,overflow,-1,-1,-1,-1,-1,-1,-1
nand,N_60_K_2,8,overflow,-1,-1,-1,-1,-1,-1,-1
nand,N_60_K_2,15,overflow,-1,-1,-1,-1,-1,-1,-1
nand,N_60_K_2,16,overflow,-1,-1,-1,-1,-1,-1,-1
nand,N_60_K_2,31,overflow,-1,-1,-1,-1,-1,-1,-1
nand,N_60_K_2,32,overflow,-1,-1,-1,-1,-1,-1,-1
nand,N_60_K_2,48,overflow,-1,-1,-1,-1,-1,-1,-1
nand,N_60_K_2,63,overflow,-1,-1,-1,-1,-1,-1,-1
nand,N_60_K_2,64,overflow,-1,-1,-1,-1,-1,-1,-1
nand,N_60_K_2,96,overflow,-1,-1,-1,-1,-1,-1,-1
nand,N_60_K_2,127,overflow,-1,-1,-1,-1,-1,-1,-1
nand,N_60_K_2,128,Killed,-1,-1,-1,-1,-1,-1,-1
herman,3,8,ok,5.523420,8,28,22.973960,2,0.9999961853027344,3.079177
herman,3,12,ok,1.388429,8,28,-1,-1,0.12499999813735485,2.493363
herman,3,15,ok,1.664396,8,28,-1,-1,0.12499999997089617,3.048233
herman,3,16,ok,1.366548,8,28,1.058902,3,0.9999999999417923,3.596405
herman,3,31,ok,1.503545,8,28,-1,-1,0.125,6.589029
herman,3,32,ok,2.158731,8,28,1.894757,4,1.0,8.052699
herman,3,48,ok,1.490360,8,28,-1,-1,0.12499999999999999,10.067954
herman,3,63,ok,1.330556,8,28,-1,-1,0.12499999999999999,13.569655
herman,3,64,ok,1.593789,8,28,1.091850,5,1.0,13.891421
herman,3,96,ok,2.222533,8,28,-1,-1,0.125,21.160076
herman,3,127,ok,1.412409,8,28,-1,-1,0.125,26.029018
herman,3,128,ok,1.701430,8,28,1.351756,6,1.0,26.438302
herman,5,8,ok,4.336424,32,244,7.646189,2,0.9779586792137707,1.880999
herman,5,12,ok,3.402549,32,244,-1,-1,0.031123599503189332,2.401787
herman,5,15,ok,3.332628,32,244,-1,-1,0.031214559923682828,2.930650
herman,5,16,ok,3.732045,32,244,3.205410,3,0.999257733405102,3.596276
herman,5,31,ok,3.364819,32,244,-1,-1,0.031249959808031694,6.365073
herman,5,32,ok,3.410393,32,244,2.885673,4,0.9999991582084873,6.664490
herman,5,48,ok,3.396868,32,244,-1,-1,0.031249999970166843,9.779947
herman,5,63,ok,3.354599,32,244,-1,-1,0.031249999999948302,12.925662
herman,5,64,ok,3.381980,32,244,2.895119,5,0.9999999999989173,13.536203
herman,5,96,ok,3.854414,32,244,-1,-1,0.03125,19.620852
herman,5,127,ok,3.327027,32,244,-1,-1,0.03125,25.799788
herman,5,128,ok,3.340683,32,244,2.905548,6,1.0,27.356615
herman,7,8,ok,23.248248,128,2188,34.920026,2,0.8467984500166494,1.982515
herman,7,12,ok,20.150855,128,2188,-1,-1,0.007293374119812327,2.546721
herman,7,15,ok,20.553438,128,2188,-1,-1,0.007534844459797922,3.087493
herman,7,16,ok,20.157447,128,2188,18.757770,3,0.9711507702247664,3.704117
herman,7,31,ok,22.948617,128,2188,-1,-1,0.007802632292992884,6.436125
herman,7,32,ok,20.299994,128,2188,18.662632,4,0.998974712211629,7.227450
herman,7,48,ok,20.259979,128,2188,-1,-1,0.007812215325266428,10.217142
herman,7,63,ok,20.313700,128,2188,-1,-1,0.007812487536429881,12.926995
herman,7,64,ok,19.964577,128,2188,19.558768,5,0.9999987049933451,13.754327
herman,7,96,ok,20.120929,128,2188,-1,-1,0.007812499987221256,19.585073
herman,7,127,ok,20.989894,128,2188,-1,-1,0.007812499999980115,26.467617
herman,7,128,ok,20.114596,128,2188,19.356837,6,0.9999999999979339,27.130685
herman,9,8,ok,186.688881,512,19684,377.633347,2,0.6680428137903301,3.669517
herman,9,12,ok,192.239920,512,19684,-1,-1,0.0015640130235832453,3.400446
herman,9,15,ok,213.395875,512,19684,-1,-1,0.0016859360275109036,3.857357
herman,9,16,ok,170.514281,512,19684,441.815446,3,0.8792506112895142,6.241973
herman,9,31,ok,222.087471,512,19684,-1,-1,0.0019166644526382632,7.727328
herman,9,32,ok,179.167996,512,19684,492.007842,4,0.9835159288693683,10.236722
herman,9,48,ok,174.379705,512,19684,-1,-1,0.0019487261408999363,11.981715
herman,9,63,ok,192.849933,512,19684,-1,-1,0.0019524443645833529,14.718227
herman,9,64,ok,169.172469,512,19684,495.166724,5,0.99969227970679,17.490567
herman,9,96,ok,169.597525,512,19684,-1,-1,0.0019531137803727402,22.467399
herman,9,127,ok,194.643669,512,19684,-1,-1,0.0019531247628085395,27.929983
herman,9,128,ok,197.862482,512,19684,491.012170,6,0.9999998927639906,31.797278