,name,params,length,output_type_mat,parse_time,states,trans,precomp_time_mat,prob,sample_time,output_type_add,parsetime,vars_per_state,add_size,precomp_time_add,trace_time,setup_time,sample_time_sim
0,brp,N_16_MAX_2,8,ok,12.28458,677,867,145.510594,8.000000000000001e-06,1.894346,ok,125.205489,32,1391,633.054999,2.617789,180.805125,1732630.555
1,brp,N_16_MAX_2,12,,,677,,,,,ok,124.101857,32,1402,650.075919,4.184484,,
2,brp,N_16_MAX_2,15,ok,10.570127,677,867,,7.7616e-06,3.052516,,,,,,,,
3,brp,N_16_MAX_2,16,ok,10.6571,677,867,49.630123,9.41192e-07,3.500439,ok,125.288281,32,1413,2435.803435,5.399808,21.702825,27750391.482290544
4,brp,N_16_MAX_2,24,,,677,,,,,ok,124.236017,32,1413,2507.573562,9.001119,,
5,brp,N_16_MAX_2,31,ok,10.111728,677,867,,2.3241680654485706e-07,6.219635,,,,,,,,
6,brp,N_16_MAX_2,32,ok,10.431397,677,867,51.026249,5.935165549404448e-06,6.910263,segfault,,,,,,24.300373,8839656.515607132
7,brp,N_16_MAX_2,48,ok,11.133101,677,867,,1.0224757443365823e-05,10.335179,ok,123.206582,32,1392,10765.143786,18.914642,,
8,brp,N_16_MAX_2,63,ok,10.600003,677,867,,6.188122290269509e-06,13.384395,,,,,,,,
9,brp,N_16_MAX_2,64,ok,10.671196,677,867,57.603814,2.3499190658864e-06,13.955879,ok,125.286019,32,1378,45893.666241,26.502037,21.748588,41106495.18627706
10,brp,N_16_MAX_2,96,ok,10.839562,677,867,,8.835645696007822e-06,20.325726,ok,124.425639,32,1406,48094.614857,42.074386,,
11,brp,N_16_MAX_2,127,ok,10.701062,677,867,,1.435848606480508e-14,27.287345,,,,,,,,
12,brp,N_16_MAX_2,128,ok,10.617355,677,867,59.967283,7.981227818838935e-13,27.550798,ok,123.365665,32,1391,45626.041594,,21.129938,252249491719543.22
13,brp,N_16_MAX_3,8,numeric,,886,,,,,ok,143.176799,32,1469,1093.382604,,22.792639,
14,brp,N_16_MAX_3,12,,,886,,,,,ok,139.80951,32,1465,1140.120516,,,
15,brp,N_16_MAX_3,15,numeric,,886,,,,,,,,,,,,
16,brp,N_16_MAX_3,16,ok,13.579546,886,1155,63.91924899999999,2.30496e-07,3.63262,ok,140.15566,32,1469,2285.781537,5.470575,22.629852,118853767.09357212
17,brp,N_16_MAX_3,24,,,886,,,,,ok,141.758308,32,1469,2360.305224,9.071063,,
18,brp,N_16_MAX_3,31,ok,13.681547,886,1155,,8.817630928356097e-09,6.616908,,,,,,,,
19,brp,N_16_MAX_3,32,ok,13.931996,886,1155,71.217675,3.0279090465620857e-07,6.992291,ok,143.220398,32,1465,9298.672539,12.224455,22.240092,166501590.5191796
20,brp,N_16_MAX_3,48,ok,13.785732,886,1155,,1.0027278247609445e-07,10.392799,ok,141.17283,32,1470,9239.542481,19.160396,,
21,brp,N_16_MAX_3,63,ok,13.465462,886,1155,,1.1727576238515576e-08,13.513746,,,,,,,,
22,brp,N_16_MAX_3,64,ok,14.065737,886,1155,86.647819,2.2942044049565314e-07,14.022064,ok,141.160349,32,1465,36913.784627,26.664157,22.430394,430100769.298582
23,brp,N_16_MAX_3,96,ok,13.468799,886,1155,,1.3116456021665466e-07,20.596575,ok,142.69629,32,1479,39258.0606,42.930777,,
24,brp,N_16_MAX_3,127,ok,13.938299,886,1155,,2.7388230558983225e-15,27.540326,,,,,,,,
25,brp,N_16_MAX_3,128,ok,13.827421,886,1155,102.058757,4.1149001784028667e-13,27.641202,ok,139.131132,32,1476,83695.035884,,22.352082,493246335197316.94
26,brp,N_16_MAX_4,8,numeric,,1095,,,,,ok,134.179703,33,1390,795.590817,,22.863237,
27,brp,N_16_MAX_4,12,,,1095,,,,,segfault,,,,,,,
28,brp,N_16_MAX_4,15,numeric,,1095,,,,,,,,,,,,
29,brp,N_16_MAX_4,16,ok,16.031361,1095,1443,77.967573,7.84e-09,3.4802,ok,136.108978,33,1414,8267.529517,6.014097,22.625951,3344648940.0510206
30,brp,N_16_MAX_4,24,,,1095,,,,,ok,135.290955,33,1422,8135.35689,9.426236,,
31,brp,N_16_MAX_4,31,ok,17.07722,1095,1443,,2.9260027812224567e-09,6.620113,,,,,,,,
32,brp,N_16_MAX_4,32,ok,16.572535,1095,1443,89.533656,3.9997067531878195e-09,7.004577,ok,135.799298,33,1410,27280.58285,12.591425,22.780808,12831637311.684177
33,brp,N_16_MAX_4,48,ok,16.60765,1095,1443,,7.605363209558781e-09,10.348105,ok,133.732704,33,1456,26737.981638,19.932764,,
34,brp,N_16_MAX_4,63,ok,16.946966,1095,1443,,4.1157729513000677e-10,13.736011,,,,,,,,
35,brp,N_16_MAX_4,64,ok,16.582684,1095,1443,124.67666,7.920664248495972e-09,14.172823,ok,134.605188,33,1380,80141.749733,27.733257,23.095015,12902649631.867168
36,brp,N_16_MAX_4,96,ok,17.304877,1095,1443,,7.428557947530385e-09,20.574511,segfault,,,,,,,
37,brp,N_16_MAX_4,127,ok,16.765586,1095,1443,,3.2075141297347755e-16,27.353331,,,,,,,,
38,brp,N_16_MAX_4,128,ok,17.862732,1095,1443,181.970149,1.3119592906398485e-13,29.515012,segfault,,,,,,23.765607,1544761279072605.0
39,brp,N_16_MAX_5,8,numeric,,1304,,,,,segfault,,,,,,23.363328,
40,brp,N_16_MAX_5,12,,,1304,,,,,segfault,,,,,,,
41,brp,N_16_MAX_5,15,numeric,,1304,,,,,,,,,,,,
42,brp,N_16_MAX_5,16,numeric,,1304,,,,,segfault,,,,,,23.862719,
43,brp,N_16_MAX_5,24,,,1304,,,,,segfault,,,,,,,
44,brp,N_16_MAX_5,31,ok,20.045943,1304,1731,,1.2534201133977604e-12,6.521543,,,,,,,,
45,brp,N_16_MAX_5,32,ok,19.785445,1304,1731,105.698818,2.3724471484353017e-10,7.477239,segfault,,,,,,23.620196,227681389512.19745
46,brp,N_16_MAX_5,48,ok,19.499519,1304,1731,,2.3155572147302078e-10,10.282543,segfault,,,,,,,
47,brp,N_16_MAX_5,63,ok,20.14027,1304,1731,,5.085004933257545e-11,13.404639,,,,,,,,
48,brp,N_16_MAX_5,64,ok,54.526645,1304,1731,321.839694,1.6674280947617704e-10,15.032784,segfault,,,,,,23.535513,588025442404.5104
49,brp,N_16_MAX_5,96,ok,19.000033,1304,1731,,2.2265421797624e-10,20.422401,segfault,,,,,,,
50,brp,N_16_MAX_5,127,ok,19.945545,1304,1731,,3.175596804646168e-17,27.654283,,,,,,,,
51,brp,N_16_MAX_5,128,ok,19.332406,1304,1731,287.184385,3.5269171887896026e-14,30.355107,segfault,,,,,,23.908343,5674774312143328.0
52,brp,N_32_MAX_2,8,ok,22.997364,1349,1731,290.630068,8.000000000000001e-06,1.933621,ok,129.966377,33,1437,668.09974,2.736136,24.434352,1730513.6024999998
53,brp,N_32_MAX_2,12,,,1349,,,,,ok,130.230054,33,1437,671.542465,4.325013,,
54,brp,N_32_MAX_2,15,ok,19.596591,1349,1731,,7.7616e-06,3.130209,,,,,,,,
55,brp,N_32_MAX_2,16,ok,20.392072,1349,1731,105.643545,9.41192e-07,3.832164,segfault,,,,,,23.365792,27476168.666966997
56,brp,N_32_MAX_2,24,,,1349,,,,,ok,130.024905,33,1437,2628.372365,9.104527,,
57,brp,N_32_MAX_2,31,ok,20.368216,1349,1731,,2.3241680654485706e-07,6.683075,,,,,,,,
58,brp,N_32_MAX_2,32,ok,20.457505,1349,1731,104.820032,5.935165549404448e-06,7.071368,ok,129.264265,33,1458,10957.627103,12.73217,23.447134,8264130.762944216
59,brp,N_32_MAX_2,48,ok,20.121935,1349,1731,,1.0224757443365823e-05,10.46809,ok,127.905495,33,1433,11179.638163,19.721746,,
60,brp,N_32_MAX_2,63,ok,20.050261,1349,1731,,6.188122290269509e-06,13.562291,,,,,,,,
61,brp,N_32_MAX_2,64,ok,20.475918,1349,1731,119.918994,2.3499190658864e-06,14.209019,ok,128.627921,33,1408,47062.194642,28.934893,23.670083,41811702.20981126
62,brp,N_32_MAX_2,96,ok,20.274682,1349,1731,,8.835645696007822e-06,21.120018,ok,129.334245,33,1435,44187.390181,42.183254,,
63,brp,N_32_MAX_2,127,ok,20.070339,1349,1731,,1.219737653557074e-06,27.582674,,,,,,,,
64,brp,N_32_MAX_2,128,ok,19.631346,1349,1731,153.471556,6.368939964429695e-06,28.238892,ok,129.790086,33,1441,117500.223351,56.065339,23.676679,31006821.3914595
65,brp,N_32_MAX_3,8,numeric,,1766,,,,,ok,144.627065,33,1434,1198.005299,,25.422043,
66,brp,N_32_MAX_3,12,,,1766,,,,,ok,144.913386,33,1428,1267.825847,,,
67,brp,N_32_MAX_3,15,numeric,,1766,,,,,,,,,,,,
68,brp,N_32_MAX_3,16,ok,25.827868,1766,2307,129.460133,2.30496e-07,3.571949,ok,143.740687,33,1434,2489.342593,5.759245,24.735682,112650132.8439539
69,brp,N_32_MAX_3,24,,,1766,,,,,ok,143.636329,33,1437,2494.613314,9.504708,,
70,brp,N_32_MAX_3,31,ok,25.793653,1766,2307,,8.817630928356097e-09,6.738287,,,,,,,,
71,brp,N_32_MAX_3,32,ok,52.475051,1766,2307,269.457758,3.0279090465620857e-07,7.504988,ok,144.822088,33,1424,9948.52085,13.089851,25.28391,179518057.92091665
72,brp,N_32_MAX_3,48,ok,26.804568,1766,2307,,1.0027278247609445e-07,10.455591,ok,147.117105,33,1438,10265.026114,20.669142,,
73,brp,N_32_MAX_3,63,ok,25.526022,1766,2307,,1.1727576238515576e-08,13.284664,,,,,,,,
74,brp,N_32_MAX_3,64,ok,26.215865,1766,2307,184.96477,2.2942044049565314e-07,14.107988,ok,142.263947,33,1432,40410.131959,26.651065,24.89982,418695922.48394275
75,brp,N_32_MAX_3,96,ok,26.034865,1766,2307,,1.3116456021665466e-07,20.787463,ok,141.863271,33,1431,40869.432783,42.515376,,
76,brp,N_32_MAX_3,127,ok,31.644968,1766,2307,,3.7127634195846924e-08,27.615375,,,,,,,,
77,brp,N_32_MAX_3,128,ok,26.497613,1766,2307,318.078455,2.4718842989872975e-07,29.68358,segfault,,,,,,24.737325,801652918.9945647
78,brp,N_32_MAX_4,8,numeric,,2183,,,,,segfault,,,,,,26.86056,
79,brp,N_32_MAX_4,12,,,2183,,,,,segfault,,,,,,,
80,brp,N_32_MAX_4,15,numeric,,2183,,,,,,,,,,,,
81,brp,N_32_MAX_4,16,ok,32.185421,2183,2883,161.788451,7.84e-09,3.635924,segfault,,,,,,26.482913,3254335293.3673472
82,brp,N_32_MAX_4,24,,,2183,,,,,segfault,,,,,,,
83,brp,N_32_MAX_4,31,ok,32.123024,2183,2883,,2.9260027812224567e-09,6.388561,,,,,,,,
84,brp,N_32_MAX_4,32,ok,31.805569,2183,2883,173.609552,3.9997067531878195e-09,6.952601,segfault,,,,,,26.184277,12851197993.211054
85,brp,N_32_MAX_4,48,ok,32.365398,2183,2883,,7.605363209558781e-09,10.16714,segfault,,,,,,,
86,brp,N_32_MAX_4,63,ok,32.031242,2183,2883,,4.1157729513000677e-10,13.466495,,,,,,,,
87,brp,N_32_MAX_4,64,ok,31.789128,2183,2883,276.072714,7.920664248495972e-09,15.211575,segfault,,,,,,26.37453,12489690708.551981
88,brp,N_32_MAX_4,96,ok,31.423112,2183,2883,,7.428557947530385e-09,20.634288,segfault,,,,,,,
89,brp,N_32_MAX_4,127,ok,32.222711,2183,2883,,1.9466067259485247e-09,27.405711,,,,,,,,
90,brp,N_32_MAX_4,128,ok,33.012801,2183,2883,575.137115,5.366776302680323e-09,30.64035,segfault,,,,,,26.519836,41050076739.731544
91,brp,N_32_MAX_5,8,numeric,,2600,,,,,ok,119.412466,34,1522,1708.80187,,31.756261,
92,brp,N_32_MAX_5,12,,,2600,,,,,segfault,,,,,,,
93,brp,N_32_MAX_5,15,numeric,,2600,,,,,,,,,,,,
94,brp,N_32_MAX_5,16,numeric,,2600,,,,,segfault,,,,,,27.774599,
95,brp,N_32_MAX_5,24,,,2600,,,,,segfault,,,,,,,
96,brp,N_32_MAX_5,31,ok,37.037122,2600,3459,,1.2534201133977604e-12,6.474053,,,,,,,,
97,brp,N_32_MAX_5,32,ok,37.542659,2600,3459,214.139449,2.3724471484353017e-10,7.074367,segfault,,,,,,27.89031,211314522951.8152
98,brp,N_32_MAX_5,48,ok,37.940885,2600,3459,,2.3155572147302078e-10,10.277089,segfault,,,,,,,
99,brp,N_32_MAX_5,63,ok,38.075278,2600,3459,,5.085004933257545e-11,13.511086,,,,,,,,
100,brp,N_32_MAX_5,64,ok,38.430463,2600,3459,386.7679,1.6674280947617704e-10,15.453146,segfault,,,,,,27.529394,611003174170.1936
101,brp,N_32_MAX_5,96,ok,37.182033,2600,3459,,2.2265421797624e-10,20.420806,segfault,,,,,,,
102,brp,N_32_MAX_5,127,ok,36.510345,2600,3459,,9.367116482984302e-12,27.249417,,,,,,,,
103,brp,N_32_MAX_5,128,ok,37.69814,2600,3459,1041.666903,2.2581033969938166e-10,29.846935,ok,117.082963,34,1522,178756.520626,58.346557,31.52417,877949503215.5204
104,brp,N_64_MAX_2,8,ok,40.737746,2693,3459,595.593103,8.000000000000001e-06,1.941049,segfault,,,,,,28.011401,1683478.2847724997
105,brp,N_64_MAX_2,12,,,2693,,,,,segfault,,,,,,,
106,brp,N_64_MAX_2,15,ok,38.542844,2693,3459,,7.7616e-06,3.097952,,,,,,,,
107,brp,N_64_MAX_2,16,ok,38.477762,2693,3459,213.759998,9.41192e-07,3.850554,segfault,,,,,,29.687262,27006576.383989666
108,brp,N_64_MAX_2,24,,,2693,,,,,segfault,,,,,,,
109,brp,N_64_MAX_2,31,ok,77.025034,2693,3459,,2.3241680654485706e-07,7.212446,,,,,,,,
110,brp,N_64_MAX_2,32,ok,37.841019,2693,3459,206.571037,5.935165549404448e-06,6.755674,segfault,,,,,,27.532262,8423941.012903487
111,brp,N_64_MAX_2,48,ok,36.9185,2693,3459,,1.0224757443365823e-05,10.220083,segfault,,,,,,,
112,brp,N_64_MAX_2,63,ok,38.267608,2693,3459,,6.188122290269509e-06,13.32162,,,,,,,,
113,brp,N_64_MAX_2,64,ok,37.351,2693,3459,234.187546,2.3499190658864e-06,13.516034,segfault,,,,,,27.687287,41085476.313449904
114,brp,N_64_MAX_2,96,ok,37.472267,2693,3459,,8.835645696007822e-06,20.196349,segfault,,,,,,,
115,brp,N_64_MAX_2,127,ok,38.374238,2693,3459,,1.219737653557074e-06,26.628854,,,,,,,,
116,brp,N_64_MAX_2,128,ok,76.031933,2693,3459,478.553101,6.368939964429695e-06,28.967035,segfault,,,,,,27.870158,30922100.726495862
117,brp,N_64_MAX_3,8,numeric,,3526,,,,,ok,148.455409,34,1446,1216.94369,,30.842683,
118,brp,N_64_MAX_3,12,,,3526,,,,,ok,147.697309,34,1445,1219.783994,,,
119,brp,N_64_MAX_3,15,numeric,,3526,,,,,,,,,,,,
120,brp,N_64_MAX_3,16,ok,51.109011,3526,4611,266.692827,2.30496e-07,3.760437,segfault,,,,,,32.208968,110400890.99160072
121,brp,N_64_MAX_3,24,,,3526,,,,,ok,144.82126,34,1441,2532.123578,9.643423,,
122,brp,N_64_MAX_3,31,ok,50.695195,3526,4611,,8.817630928356097e-09,6.536274,,,,,,,,
123,brp,N_64_MAX_3,32,ok,49.565719,3526,4611,280.584829,3.0279090465620857e-07,6.895253,segfault,,,,,,31.07343,179314335.05787346
124,brp,N_64_MAX_3,48,ok,49.276096,3526,4611,,1.0027278247609445e-07,10.032779,ok,145.486501,34,1444,9778.581385,20.664767,,
125,brp,N_64_MAX_3,63,ok,48.902536,3526,4611,,1.1727576238515576e-08,13.248871,,,,,,,,
126,brp,N_64_MAX_3,64,ok,102.812255,3526,4611,628.86802,2.2942044049565314e-07,15.144833,ok,148.020831,34,1445,36716.967805,26.493227,33.234998,420504423.0652494
127,brp,N_64_MAX_3,96,ok,49.20369,3526,4611,,1.3116456021665466e-07,20.180658,ok,143.133748,34,1443,38313.66947,43.158333,,
128,brp,N_64_MAX_3,127,ok,49.960729,3526,4611,,3.7127634195846924e-08,27.293746,,,,,,,,
129,brp,N_64_MAX_3,128,ok,50.394212,3526,4611,731.003517,2.4718842989872975e-07,29.159733,ok,145.220839,34,1440,198649.973714,58.877141,30.549859,787389549.7849115
130,brp,N_64_MAX_4,8,numeric,,4359,,,,,ok,148.70456,35,1886,1215.388568,,34.504687,
131,brp,N_64_MAX_4,12,,,4359,,,,,ok,148.4607,35,1879,1238.048239,4.289608,,
132,brp,N_64_MAX_4,15,numeric,,4359,,,,,,,,,,,,
133,brp,N_64_MAX_4,16,ok,60.006443,4359,5763,330.608595,7.84e-09,3.593353,segfault,,,,,,33.285804,3288423376.275511
134,brp,N_64_MAX_4,24,,,4359,,,,,ok,150.44719,35,1870,5680.845295,9.890444,,
135,brp,N_64_MAX_4,31,ok,62.090037,4359,5763,,2.9260027812224567e-09,6.581193,,,,,,,,
136,brp,N_64_MAX_4,32,ok,69.202305,4359,5763,366.29162,3.9997067531878195e-09,6.908903,ok,150.400836,35,1877,19074.656993,13.664587,32.791258,13271786672.283396
137,brp,N_64_MAX_4,48,ok,66.348407,4359,5763,,7.605363209558781e-09,10.197178,ok,150.234185,35,1870,19670.860235,21.312056,,
138,brp,N_64_MAX_4,63,ok,62.940581,4359,5763,,4.1157729513000677e-10,13.011804,,,,,,,,
139,brp,N_64_MAX_4,64,ok,63.023757,4359,5763,570.821559,7.920664248495972e-09,15.418517,ok,146.684846,35,1873,52781.353745,29.690905,33.276462,12470550523.430666
140,brp,N_64_MAX_4,96,ok,79.160665,4359,5763,,7.428557947530385e-09,20.404687,ok,147.958896,35,1870,105901.833038,44.008683,,
141,brp,N_64_MAX_4,127,ok,66.101926,4359,5763,,1.9466067259485247e-09,27.45233,,,,,,,,
142,brp,N_64_MAX_4,128,ok,62.847281,4359,5763,1482.322089,5.366776302680323e-09,28.944478,ok,149.31875,35,1865,256807.276112,60.360361,33.606374,36302485911.83083
143,brp,N_64_MAX_5,8,numeric,,5192,,,,,segfault,,,,,,41.377886,
144,brp,N_64_MAX_5,12,,,5192,,,,,segfault,,,,,,,
145,brp,N_64_MAX_5,15,numeric,,5192,,,,,,,,,,,,
146,brp,N_64_MAX_5,16,numeric,,5192,,,,,segfault,,,,,,36.727759,
147,brp,N_64_MAX_5,24,,,5192,,,,,segfault,,,,,,,
148,brp,N_64_MAX_5,31,ok,93.72821,5192,6915,,1.2534201133977604e-12,6.507347,,,,,,,,
149,brp,N_64_MAX_5,32,ok,76.114964,5192,6915,458.515339,2.3724471484353017e-10,7.110057,segfault,,,,,,36.07994,207771561160.00302
150,brp,N_64_MAX_5,48,ok,72.907404,5192,6915,,2.3155572147302078e-10,9.94493,segfault,,,,,,,
151,brp,N_64_MAX_5,63,ok,77.240092,5192,6915,,5.085004933257545e-11,14.041565,,,,,,,,
152,brp,N_64_MAX_5,64,ok,80.902856,5192,6915,838.744362,1.6674280947617704e-10,15.32727,segfault,,,,,,36.025687,636270997971.6267
153,brp,N_64_MAX_5,96,ok,75.423178,5192,6915,,2.2265421797624e-10,20.646353,segfault,,,,,,,
154,brp,N_64_MAX_5,127,ok,74.361518,5192,6915,,9.367116482984302e-12,28.050969,,,,,,,,
155,brp,N_64_MAX_5,128,ok,91.29486,5192,6915,2489.333988,2.2581033969938166e-10,29.221644,segfault,,,,,,36.51238,878118008386.9429
156,crowds,TotalRuns_3_CrowdSize_10,8,numeric,,6563,,,,,ok,807.484367,57,3142,6500.950609,,59.862083,
157,crowds,TotalRuns_3_CrowdSize_10,12,,,6563,,,,,ok,760.039601,57,3142,6457.724383,12.784433,,
158,crowds,TotalRuns_3_CrowdSize_10,15,ok,185.150713,6563,15143,,0.00948538864,3.113284,,,,,,,,
159,crowds,TotalRuns_3_CrowdSize_10,16,ok,145.622814,6563,15143,526.989268,0.00948538864,3.571474,ok,758.489002,57,3140,13203.166111,15.931863,60.018325,203.48116736311184
160,crowds,TotalRuns_3_CrowdSize_10,24,,,6563,,,,,ok,788.83067,57,3139,13694.898693,30.312252,,
161,crowds,TotalRuns_3_CrowdSize_10,31,ok,147.7233,6563,15143,,0.0268865938850764,6.57154,,,,,,,,
162,crowds,TotalRuns_3_CrowdSize_10,32,ok,149.045498,6563,15143,591.335303,0.0276312105042918,7.40001,ok,748.258665,57,3142,55633.391686,66.370126,60.566279,4.995556
163,crowds,TotalRuns_3_CrowdSize_10,48,ok,149.431601,6563,15143,,0.0344346991100606,10.361292,ok,706.467607,57,3139,44584.774539,84.961429,,
164,crowds,TotalRuns_3_CrowdSize_10,63,ok,151.984976,6563,15143,,0.0361336731395189,13.985395,,,,,,,,
165,crowds,TotalRuns_3_CrowdSize_10,64,ok,146.472767,6563,15143,641.975445,0.0361336731395189,15.365099,ok,725.271751,57,3141,112456.183033,115.788898,61.624063,6.794701
166,crowds,TotalRuns_3_CrowdSize_10,96,ok,301.480677,6563,15143,,0.0367566806549344,20.684202,ok,734.471354,57,3139,99671.86066,152.240707,,
167,crowds,TotalRuns_3_CrowdSize_10,127,ok,148.892571,6563,15143,,0.0367887319099562,27.729957,,,,,,,,
168,crowds,TotalRuns_3_CrowdSize_10,128,ok,147.454377,6563,15143,642.296726,0.0367889008392164,28.827971,ok,732.874459,57,3139,204535.664955,217.09828,60.644702,13.673338
169,crowds,TotalRuns_3_CrowdSize_15,8,numeric,,19228,,,,,ok,880.09196,57,6278,9102.440943,,115.548777,
170,crowds,TotalRuns_3_CrowdSize_15,12,,,19228,,,,,ok,894.874922,57,6278,9253.980569,13.071547,,
171,crowds,TotalRuns_3_CrowdSize_15,15,ok,602.586713,19228,55948,,0.0090839257600401,3.377161,,,,,,,,
172,crowds,TotalRuns_3_CrowdSize_15,16,ok,582.372394,19228,55948,1957.282724,0.0090839257600401,3.844357,ok,899.396958,57,6278,43453.582942,15.450916,112.93505,361.358819452253
173,crowds,TotalRuns_3_CrowdSize_15,24,,,19228,,,,,segfault,,,,,,,
174,crowds,TotalRuns_3_CrowdSize_15,31,ok,589.194458,19228,55948,,0.0245008372368084,7.12359,,,,,,,,
175,crowds,TotalRuns_3_CrowdSize_15,32,ok,599.423415,19228,55948,2388.454923,0.0250895826048095,8.850318,ok,890.233945,57,6278,89950.814589,88.214417,113.729297,5.271165
176,crowds,TotalRuns_3_CrowdSize_15,48,ok,587.011467,19228,55948,,0.0303567901080557,11.000843,ok,891.185851,57,6278,86791.188592,113.349393,,
177,crowds,TotalRuns_3_CrowdSize_15,63,ok,572.556541,19228,55948,,0.031560267569293,15.132477,,,,,,,,
178,crowds,TotalRuns_3_CrowdSize_15,64,ok,600.217359,19228,55948,2928.051358,0.031560267569293,19.266837,ok,916.515228,57,6278,397160.072773,157.328548,114.033253,8.450123
179,crowds,TotalRuns_3_CrowdSize_15,96,ok,572.176194,19228,55948,,0.0319745028859059,22.621187,segfault,,,,,,,
180,crowds,TotalRuns_3_CrowdSize_15,127,ok,596.762895,19228,55948,,0.0319942813141727,29.207912,,,,,,,,
181,crowds,TotalRuns_3_CrowdSize_15,128,ok,582.065735,19228,55948,2742.571597,0.031994383401484,35.30577,segfault,,,,,,115.257667,16.159441
182,crowds,TotalRuns_3_CrowdSize_20,8,numeric,,42318,,,,,segfault,,,,,,214.444881,
183,crowds,TotalRuns_3_CrowdSize_20,12,,,42318,,,,,segfault,,,,,,,
184,crowds,TotalRuns_3_CrowdSize_20,15,ok,1578.247052,42318,148578,,0.00888319432,3.550402,,,,,,,,
185,crowds,TotalRuns_3_CrowdSize_20,16,ok,1559.57903,42318,148578,5914.348949,0.00888319432,4.07125,segfault,,,,,,214.521067,501.1164032579668
186,crowds,TotalRuns_3_CrowdSize_20,24,,,42318,,,,,segfault,,,,,,,
187,crowds,TotalRuns_3_CrowdSize_20,31,ok,1532.033244,42318,148578,,0.0233376890918757,8.264233,,,,,,,,
188,crowds,TotalRuns_3_CrowdSize_20,32,ok,1630.431487,42318,148578,7822.434679,0.0238521087384075,12.237569,ok,1476.077586,57,9736,187744.815707,122.462725,216.85432,5.632455
189,crowds,TotalRuns_3_CrowdSize_20,48,ok,1575.401109,42318,148578,,0.02839679119293,12.924903,ok,1496.455045,57,9736,182983.895025,142.256353,,
190,crowds,TotalRuns_3_CrowdSize_20,63,ok,1917.064766,42318,148578,,0.0293752280901382,17.894709,,,,,,,,
191,crowds,TotalRuns_3_CrowdSize_20,64,ok,1555.714469,42318,148578,9167.604969,0.0293752280901382,30.16325,ok,1465.226664,57,9737,864625.957323,210.055798,211.95782,8.209709
192,crowds,TotalRuns_3_CrowdSize_20,96,ok,1545.785543,42318,148578,,0.0296975745185882,28.202005,segfault,,,,,,,
193,crowds,TotalRuns_3_CrowdSize_20,127,ok,1541.634345,42318,148578,,0.0297121617593851,33.864654,,,,,,,,
194,crowds,TotalRuns_3_CrowdSize_20,128,ok,1526.98811,42318,148578,9069.002513,0.0297122355073944,52.529007,segfault,,,,,,216.874458,18.175181
195,crowds,TotalRuns_3_CrowdSize_5,8,numeric,,1198,,,,,segfault,,,,,,532.371375,
196,crowds,TotalRuns_3_CrowdSize_5,12,,,1198,,,,,segfault,,,,,,,
197,crowds,TotalRuns_3_CrowdSize_5,15,ok,22.695538,1198,2038,,0.01068977728,3.084519,,,,,,,,
198,crowds,TotalRuns_3_CrowdSize_5,16,ok,21.229871,1198,2038,86.741685,0.01068977728,3.771991,segfault,,,,,,42.907818,5.929092
199,crowds,TotalRuns_3_CrowdSize_5,24,,,1198,,,,,segfault,,,,,,,
200,crowds,TotalRuns_3_CrowdSize_5,31,ok,22.482499,1198,2038,,0.0345158587844005,6.666243,,,,,,,,
201,crowds,TotalRuns_3_CrowdSize_5,32,ok,21.87451,1198,2038,87.962122,0.0357821696902621,6.940279,segfault,,,,,,40.789881,3.542434
202,crowds,TotalRuns_3_CrowdSize_5,48,ok,21.92273,1198,2038,,0.0479007917319379,10.163659,ok,466.630652,57,1454,31010.814478,62.448242,,
203,crowds,TotalRuns_3_CrowdSize_5,63,ok,21.968896,1198,2038,,0.0514336839500049,13.064201,,,,,,,,
204,crowds,TotalRuns_3_CrowdSize_5,64,ok,21.707787,1198,2038,92.493613,0.0514336839500049,13.680543,segfault,,,,,,42.28974,5.115261
205,crowds,TotalRuns_3_CrowdSize_5,96,ok,21.647925,1198,2038,,0.0528735013227419,19.632068,segfault,,,,,,,
206,crowds,TotalRuns_3_CrowdSize_5,127,ok,42.8741,1198,2038,,0.052956740481852,27.40244,,,,,,,,
207,crowds,TotalRuns_3_CrowdSize_5,128,ok,22.830361,1198,2038,95.497452,0.0529571767987076,28.180437,ok,505.042838,57,1454,124910.514969,151.978182,40.856013,10.12719
208,crowds,TotalRuns_4_CrowdSize_10,8,numeric,,30070,,,,,segfault,,,,,,151.023581,
209,crowds,TotalRuns_4_CrowdSize_10,12,,,30070,,,,,segfault,,,,,,,
210,crowds,TotalRuns_4_CrowdSize_10,15,ok,721.650907,30070,70110,,0.00948538864,3.365244,,,,,,,,
211,crowds,TotalRuns_4_CrowdSize_10,16,ok,718.789124,30070,70110,3494.862479,0.00948538864,3.861781,segfault,,,,,,151.951084,33.92926764674979
212,crowds,TotalRuns_4_CrowdSize_10,24,,,30070,,,,,segfault,,,,,,,
213,crowds,TotalRuns_4_CrowdSize_10,31,ok,727.701074,30070,70110,,0.032075580195317,7.012444,,,,,,,,
214,crowds,TotalRuns_4_CrowdSize_10,32,ok,729.863597,30070,70110,4159.524989,0.0329611763691938,8.271448,segfault,,,,,,152.903245,3.816797
215,crowds,TotalRuns_4_CrowdSize_10,48,ok,1225.757608,30070,70110,,0.0539986336319258,11.720972,segfault,,,,,,,
216,crowds,TotalRuns_4_CrowdSize_10,63,ok,704.745549,30070,70110,,0.0629658953555752,16.557039,,,,,,,,
217,crowds,TotalRuns_4_CrowdSize_10,64,ok,760.271877,30070,70110,5887.585969,0.0634339107202056,22.551045,segfault,,,,,,150.989731,4.41653
218,crowds,TotalRuns_4_CrowdSize_10,96,ok,733.238711,30070,70110,,0.06760315316138,24.213143,segfault,,,,,,,
219,crowds,TotalRuns_4_CrowdSize_10,127,ok,730.058331,30070,70110,,0.0679601761097289,31.520156,,,,,,,,
220,crowds,TotalRuns_4_CrowdSize_10,128,ok,721.238173,30070,70110,5376.650962,0.067960838904663,41.863477,segfault,,,,,,152.33803,8.050857
221,crowds,TotalRuns_4_CrowdSize_15,8,overflow,,119800,,,,,segfault,,,,,,525.228729,
222,crowds,TotalRuns_4_CrowdSize_15,12,,,119800,,,,,segfault,,,,,,,
223,crowds,TotalRuns_4_CrowdSize_15,15,overflow,,119800,,,,,,,,,,,,
224,crowds,TotalRuns_4_CrowdSize_15,16,overflow,,119800,,,,,ok,3938.680988,78,11420,75652.84513,28.819198,531.670128,
225,crowds,TotalRuns_4_CrowdSize_15,24,,,119800,,,,,ok,3936.762248,78,11420,75218.834139,56.274618,,
226,crowds,TotalRuns_4_CrowdSize_15,31,overflow,,119800,,,,,,,,,,,,
227,crowds,TotalRuns_4_CrowdSize_15,32,overflow,,119800,,,,,segfault,,,,,,533.907746,4.458121
228,crowds,TotalRuns_4_CrowdSize_15,48,overflow,,119800,,,,,ok,3933.207837,78,11420,383774.874307,1732.784411,,
229,crowds,TotalRuns_4_CrowdSize_15,63,overflow,,119800,,,,,,,,,,,,
230,crowds,TotalRuns_4_CrowdSize_15,64,overflow,,119800,,,,,segfault,,,,,,530.266938,4.011203
231,crowds,TotalRuns_4_CrowdSize_15,96,overflow,,119800,,,,,ok,3737.933547,78,11422,669557.681589,758.464207,,
232,crowds,TotalRuns_4_CrowdSize_15,127,overflow,,119800,,,,,,,,,,,,
233,crowds,TotalRuns_4_CrowdSize_15,128,overflow,,119800,,,,,segfault,,,,,,544.07742,7.658406
234,crowds,TotalRuns_4_CrowdSize_20,8,overflow,,333455,,,,,segfault,,,,,,1470.712949,
235,crowds,TotalRuns_4_CrowdSize_20,12,,,333455,,,,,ok,9953.169276,78,17434,57706.067295,23.19026,,
236,crowds,TotalRuns_4_CrowdSize_20,15,overflow,,333455,,,,,,,,,,,,
237,crowds,TotalRuns_4_CrowdSize_20,16,overflow,,333455,,,,,segfault,,,,,,1480.920874,
238,crowds,TotalRuns_4_CrowdSize_20,24,,,333455,,,,,ok,10233.322357,78,17435,134934.200981,60.640682,,
239,crowds,TotalRuns_4_CrowdSize_20,31,overflow,,333455,,,,,,,,,,,,
240,crowds,TotalRuns_4_CrowdSize_20,32,overflow,,333455,,,,,ok,10203.231481,78,17434,640146.939696,390.180966,1568.341727,4.508
241,crowds,TotalRuns_4_CrowdSize_20,48,overflow,,333455,,,,,ok,9908.361672,78,17434,1085114.133015,3226.550479,,
242,crowds,TotalRuns_4_CrowdSize_20,63,overflow,,333455,,,,,,,,,,,,
243,crowds,TotalRuns_4_CrowdSize_20,64,overflow,,333455,,,,,ok,10074.548376,78,17435,4660809.077151,6170.523402,1471.809529,5.163011
244,crowds,TotalRuns_4_CrowdSize_20,96,overflow,,333455,,,,,timeout,,,,,,,
245,crowds,TotalRuns_4_CrowdSize_20,127,overflow,,333455,,,,,,,,,,,,
246,crowds,TotalRuns_4_CrowdSize_20,128,overflow,,333455,,,,,,,,,,,1471.706229,8.59598
247,crowds,TotalRuns_4_CrowdSize_5,8,numeric,,3515,,,,,,,,,,,49.016504,
248,crowds,TotalRuns_4_CrowdSize_5,15,ok,88.860678,3515,6035,,0.01068977728,3.058192,,,,,,,,
249,crowds,TotalRuns_4_CrowdSize_5,16,ok,124.388816,3515,6035,502.142913,0.01068977728,3.823176,,,,,,,48.523152,6.372735
250,crowds,TotalRuns_4_CrowdSize_5,31,ok,62.913486,3515,6035,,0.0399934655539865,6.35005,,,,,,,,
251,crowds,TotalRuns_4_CrowdSize_5,32,ok,74.525806,3515,6035,291.694588,0.0413812941904654,7.047591,,,,,,,49.60955,3.021244
252,crowds,TotalRuns_4_CrowdSize_5,48,ok,80.249552,3515,6035,,0.0717403086240146,9.994207,,,,,,,,
253,crowds,TotalRuns_4_CrowdSize_5,63,ok,77.682892,3515,6035,,0.0866181575587332,13.124632,,,,,,,,
254,crowds,TotalRuns_4_CrowdSize_5,64,ok,130.423143,3515,6035,567.862428,0.0874664354071259,14.104476,,,,,,,48.786687,3.032019
255,crowds,TotalRuns_4_CrowdSize_5,96,ok,62.55281,3515,6035,,0.0953586672496006,20.140402,,,,,,,,
256,crowds,TotalRuns_4_CrowdSize_5,127,ok,61.272019,3515,6035,,0.0961364855683808,27.436851,,,,,,,,
257,crowds,TotalRuns_4_CrowdSize_5,128,ok,62.645813,3515,6035,310.086063,0.096137864582506,27.49096,,,,,,,47.449039,5.834573
258,crowds,TotalRuns_5_CrowdSize_10,8,overflow,,111294,,,,,,,,,,,464.890019,
259,crowds,TotalRuns_5_CrowdSize_10,15,overflow,,111294,,,,,,,,,,,,
260,crowds,TotalRuns_5_CrowdSize_10,16,overflow,,111294,,,,,,,,,,,468.448105,
261,crowds,TotalRuns_5_CrowdSize_10,31,overflow,,111294,,,,,,,,,,,,
262,crowds,TotalRuns_5_CrowdSize_10,32,overflow,,111294,,,,,,,,,,,459.082422,4.188867
263,crowds,TotalRuns_5_CrowdSize_10,48,overflow,,111294,,,,,,,,,,,,
264,crowds,TotalRuns_5_CrowdSize_10,63,overflow,,111294,,,,,,,,,,,,
265,crowds,TotalRuns_5_CrowdSize_10,64,overflow,,111294,,,,,,,,,,,459.808082,3.141023
266,crowds,TotalRuns_5_CrowdSize_10,96,overflow,,111294,,,,,,,,,,,,
267,crowds,TotalRuns_5_CrowdSize_10,127,overflow,,111294,,,,,,,,,,,,
268,crowds,TotalRuns_5_CrowdSize_10,128,overflow,,111294,,,,,,,,,,,463.19232,5.431252
269,crowds,TotalRuns_5_CrowdSize_15,8,overflow,,592060,,,,,,,,,,,2537.988201,
270,crowds,TotalRuns_5_CrowdSize_15,15,overflow,,592060,,,,,,,,,,,,
271,crowds,TotalRuns_5_CrowdSize_15,16,overflow,,592060,,,,,,,,,,,2602.090568,
272,crowds,TotalRuns_5_CrowdSize_15,31,overflow,,592060,,,,,,,,,,,,
273,crowds,TotalRuns_5_CrowdSize_15,32,overflow,,592060,,,,,,,,,,,2558.532635,4.159027
274,crowds,TotalRuns_5_CrowdSize_15,48,overflow,,592060,,,,,,,,,,,,
275,crowds,TotalRuns_5_CrowdSize_15,63,overflow,,592060,,,,,,,,,,,,
276,crowds,TotalRuns_5_CrowdSize_15,64,overflow,,592060,,,,,,,,,,,2551.923577,3.364227
277,crowds,TotalRuns_5_CrowdSize_15,96,overflow,,592060,,,,,,,,,,,,
278,crowds,TotalRuns_5_CrowdSize_15,127,overflow,,592060,,,,,,,,,,,,
279,crowds,TotalRuns_5_CrowdSize_15,128,overflow,,592060,,,,,,,,,,,2531.448886,6.039011
280,crowds,TotalRuns_5_CrowdSize_20,8,overflow,,2061951,,,,,,,,,,,9622.580601,
281,crowds,TotalRuns_5_CrowdSize_20,15,overflow,,2061951,,,,,,,,,,,,
282,crowds,TotalRuns_5_CrowdSize_20,16,overflow,,2061951,,,,,,,,,,,9391.083078,
283,crowds,TotalRuns_5_CrowdSize_20,31,overflow,,2061951,,,,,,,,,,,,
284,crowds,TotalRuns_5_CrowdSize_20,32,overflow,,2061951,,,,,,,,,,,9500.065203,4.416438
285,crowds,TotalRuns_5_CrowdSize_20,48,overflow,,2061951,,,,,,,,,,,,
286,crowds,TotalRuns_5_CrowdSize_20,63,overflow,,2061951,,,,,,,,,,,,
287,crowds,TotalRuns_5_CrowdSize_20,64,overflow,,2061951,,,,,,,,,,,9579.169666,3.596875
288,crowds,TotalRuns_5_CrowdSize_20,96,overflow,,2061951,,,,,,,,,,,,
289,crowds,TotalRuns_5_CrowdSize_20,127,overflow,,2061951,,,,,,,,,,,,
290,crowds,TotalRuns_5_CrowdSize_20,128,overflow,,2061951,,,,,,,,,,,9159.454266,5.780689
291,crowds,TotalRuns_5_CrowdSize_5,8,numeric,,8653,,,,,,,,,,,66.776786,
292,crowds,TotalRuns_5_CrowdSize_5,15,ok,157.72406,8653,14953,,0.01068977728,3.152151,,,,,,,,
293,crowds,TotalRuns_5_CrowdSize_5,16,ok,152.902876,8653,14953,739.190778,0.01068977728,3.720043,,,,,,,65.909227,6.134719
294,crowds,TotalRuns_5_CrowdSize_5,31,ok,154.71047,8653,14953,,0.0399934655539865,6.664809,,,,,,,,
295,crowds,TotalRuns_5_CrowdSize_5,32,ok,230.345695,8653,14953,922.139014,0.041580326880435,7.12132,,,,,,,67.45639,3.026522
296,crowds,TotalRuns_5_CrowdSize_5,48,ok,155.629071,8653,14953,,0.0815673885019219,10.48995,,,,,,,,
297,crowds,TotalRuns_5_CrowdSize_5,63,ok,156.536742,8653,14953,,0.1130466087165123,14.134138,,,,,,,,
298,crowds,TotalRuns_5_CrowdSize_5,64,ok,157.662713,8653,14953,1015.626479,0.1151446433758046,14.987714,,,,,,,66.627311,2.10813
299,crowds,TotalRuns_5_CrowdSize_5,96,ok,158.625558,8653,14953,,0.141360420338784,21.606052,,,,,,,,
300,crowds,TotalRuns_5_CrowdSize_5,127,ok,154.194703,8653,14953,,0.1453506692648643,28.59156,,,,,,,,
301,crowds,TotalRuns_5_CrowdSize_5,128,ok,156.027478,8653,14953,1019.920918,0.1453892168382967,30.596016,,,,,,,65.831705,3.900135
302,crowds,TotalRuns_6_CrowdSize_10,8,overflow,,352535,,,,,,,,,,,1431.554074,
303,crowds,TotalRuns_6_CrowdSize_10,15,overflow,,352535,,,,,,,,,,,,
304,crowds,TotalRuns_6_CrowdSize_10,16,overflow,,352535,,,,,,,,,,,1401.591938,
305,crowds,TotalRuns_6_CrowdSize_10,31,overflow,,352535,,,,,,,,,,,,
306,crowds,TotalRuns_6_CrowdSize_10,32,overflow,,352535,,,,,,,,,,,1403.414452,3.82008
307,crowds,TotalRuns_6_CrowdSize_10,48,overflow,,352535,,,,,,,,,,,,
308,crowds,TotalRuns_6_CrowdSize_10,63,overflow,,352535,,,,,,,,,,,,
309,crowds,TotalRuns_6_CrowdSize_10,64,overflow,,352535,,,,,,,,,,,1435.021299,2.619462
310,crowds,TotalRuns_6_CrowdSize_10,96,overflow,,352535,,,,,,,,,,,,
311,crowds,TotalRuns_6_CrowdSize_10,127,overflow,,352535,,,,,,,,,,,,
312,crowds,TotalRuns_6_CrowdSize_10,128,overflow,,352535,,,,,,,,,,,1426.409099,3.535833
313,crowds,TotalRuns_6_CrowdSize_15,8,overflow,,2464168,,,,,,,,,,,10621.917158,
314,crowds,TotalRuns_6_CrowdSize_15,15,overflow,,2464168,,,,,,,,,,,,
315,crowds,TotalRuns_6_CrowdSize_15,16,overflow,,2464168,,,,,,,,,,,10523.816907,
316,crowds,TotalRuns_6_CrowdSize_15,31,overflow,,2464168,,,,,,,,,,,,
317,crowds,TotalRuns_6_CrowdSize_15,32,overflow,,2464168,,,,,,,,,,,10567.979637,4.60139
318,crowds,TotalRuns_6_CrowdSize_15,48,overflow,,2464168,,,,,,,,,,,,
319,crowds,TotalRuns_6_CrowdSize_15,63,overflow,,2464168,,,,,,,,,,,,
320,crowds,TotalRuns_6_CrowdSize_15,64,overflow,,2464168,,,,,,,,,,,10482.168169,3.079643
321,crowds,TotalRuns_6_CrowdSize_15,96,overflow,,2464168,,,,,,,,,,,,
322,crowds,TotalRuns_6_CrowdSize_15,127,overflow,,2464168,,,,,,,,,,,,
323,crowds,TotalRuns_6_CrowdSize_15,128,overflow,,2464168,,,,,,,,,,,10845.338837,3.743626
324,crowds,TotalRuns_6_CrowdSize_20,8,overflow,,10633591,,,,,,,,,,,48430.243289,
325,crowds,TotalRuns_6_CrowdSize_20,15,overflow,,10633591,,,,,,,,,,,,
326,crowds,TotalRuns_6_CrowdSize_20,16,overflow,,10633591,,,,,,,,,,,48358.196815,
327,crowds,TotalRuns_6_CrowdSize_20,31,overflow,,10633591,,,,,,,,,,,,
328,crowds,TotalRuns_6_CrowdSize_20,32,overflow,,10633591,,,,,,,,,,,48836.10213,4.662938
329,crowds,TotalRuns_6_CrowdSize_20,48,overflow,,10633591,,,,,,,,,,,,
330,crowds,TotalRuns_6_CrowdSize_20,63,overflow,,10633591,,,,,,,,,,,,
331,crowds,TotalRuns_6_CrowdSize_20,64,Killed,,10633591,,,,,,,,,,,49216.391846,3.135813
332,crowds,TotalRuns_6_CrowdSize_20,96,Killed,,10633591,,,,,,,,,,,,
333,crowds,TotalRuns_6_CrowdSize_20,127,Killed,,10633591,,,,,,,,,,,,
334,crowds,TotalRuns_6_CrowdSize_20,128,Killed,,10633591,,,,,,,,,,,48342.162985,4.300625
335,crowds,TotalRuns_6_CrowdSize_5,8,numeric,,18817,,,,,,,,,,,104.414141,
336,crowds,TotalRuns_6_CrowdSize_5,15,ok,378.245033,18817,32677,,0.01068977728,3.399528,,,,,,,,
337,crowds,TotalRuns_6_CrowdSize_5,16,ok,366.030419,18817,32677,1931.219357,0.01068977728,3.96534,,,,,,,103.728006,6.23394
338,crowds,TotalRuns_6_CrowdSize_5,31,ok,365.532485,18817,32677,,0.0399934655539865,6.866897,,,,,,,,
339,crowds,TotalRuns_6_CrowdSize_5,32,ok,362.003661,18817,32677,2259.152788,0.041580326880435,7.558121,,,,,,,103.021095,3.29305
340,crowds,TotalRuns_6_CrowdSize_5,48,ok,371.413249,18817,32677,,0.0831741571231173,11.766344,,,,,,,,
341,crowds,TotalRuns_6_CrowdSize_5,63,ok,368.956333,18817,32677,,0.1255566692078994,18.40875,,,,,,,,
342,crowds,TotalRuns_6_CrowdSize_5,64,ok,705.32268,18817,32677,3778.696155,0.1281845081732601,18.386217,,,,,,,102.751579,2.076129
343,crowds,TotalRuns_6_CrowdSize_5,96,ok,712.5249,18817,32677,,0.1837933124423089,25.770061,,,,,,,,
344,crowds,TotalRuns_6_CrowdSize_5,127,ok,435.144444,18817,32677,,0.1969456001821944,34.038874,,,,,,,,
345,crowds,TotalRuns_6_CrowdSize_5,128,Killed,,18817,,,,,,,,,,,102.275438,2.730828
346,egl,N_10_L_2,8,overflow,,66060286,,,,,ok,28030.702843,331,25038,151238.758251,,692466.195996,
347,egl,N_10_L_2,12,,,66060286,,,,,ok,27875.451522,331,25037,148169.439482,,,
348,egl,N_10_L_2,15,overflow,,66060286,,,,,,,,,,,,
349,egl,N_10_L_2,16,overflow,,66060286,,,,,segfault,,,,,,713418.992492,
350,egl,N_10_L_2,24,,,66060286,,,,,ok,28015.667064,331,26954,114681.196213,,,
351,egl,N_10_L_2,31,overflow,,66060286,,,,,,,,,,,,
352,egl,N_10_L_2,32,overflow,,66060286,,,,,segfault,,,,,,754954.31832,
353,egl,N_10_L_2,48,overflow,,66060286,,,,,segfault,,,,,,,
354,egl,N_10_L_2,63,overflow,,66060286,,,,,,,,,,,,
355,egl,N_10_L_2,64,overflow,,66060286,,,,,segfault,,,,,,739749.875937,
356,egl,N_10_L_2,96,overflow,,66060286,,,,,ok,27609.541167,331,25040,250006.762023,,,
357,egl,N_10_L_2,127,overflow,,66060286,,,,,,,,,,,,
358,egl,N_10_L_2,128,overflow,,66060286,,,,,ok,27388.726985,331,25035,425638.005025,,728788.303162,
359,egl,N_10_L_4,8,Killed,,149946366,,,,,ok,13086.646299,250,28619,110569.304977,,1675535.465257,
360,egl,N_10_L_4,12,,,149946366,,,,,ok,13570.298177,250,29091,81988.045725,,,
361,egl,N_10_L_4,15,Killed,,149946366,,,,,,,,,,,,
362,egl,N_10_L_4,16,Killed,,149946366,,,,,segfault,,,,,,1709715.847834,
363,egl,N_10_L_4,24,,,149946366,,,,,segfault,,,,,,,
364,egl,N_10_L_4,31,Killed,,149946366,,,,,,,,,,,,
365,egl,N_10_L_4,32,Killed,,149946366,,,,,segfault,,,,,,1740383.771745,
366,egl,N_10_L_4,48,Killed,,149946366,,,,,segfault,,,,,,,
367,egl,N_10_L_4,63,Killed,,149946366,,,,,,,,,,,,
368,egl,N_10_L_4,64,Killed,,149946366,,,,,ok,13228.097498,250,29167,162964.605348,,1707694.095922,
369,egl,N_10_L_4,96,Killed,,149946366,,,,,ok,13295.476162,250,29289,196669.360453,1649.260711,,
370,egl,N_10_L_4,127,Killed,,149946366,,,,,,,,,,,,
371,egl,N_10_L_4,128,Killed,,149946366,,,,,ok,13196.300726,250,29230,50980.522196,,1729157.48308,
372,egl,N_5_L_2,8,numeric,,33790,,,,,segfault,,,,,,692.876842,
373,egl,N_5_L_2,12,,,33790,,,,,segfault,,,,,,,
374,egl,N_5_L_2,15,numeric,,33790,,,,,,,,,,,,
375,egl,N_5_L_2,16,numeric,,33790,,,,,segfault,,,,,,389.086619,
376,egl,N_5_L_2,24,,,33790,,,,,ok,2248.148206,168,3546,6924.244845,199.135473,,
377,egl,N_5_L_2,31,ok,400.696449,33790,34813,,0.0302734375,6.818223,,,,,,,,
378,egl,N_5_L_2,32,ok,398.336206,33790,34813,4012.609489,0.0302734375,7.453322,ok,2488.847012,168,3892,9298.916512,266.292724,388.621416,5.16347
379,egl,N_5_L_2,48,numeric,,33790,,,,,ok,2271.320575,168,3474,6180.265475,,,
380,egl,N_5_L_2,63,numeric,,33790,,,,,,,,,,,,
381,egl,N_5_L_2,64,numeric,,33790,,,,,ok,2406.371032,168,3997,17303.857383,,405.399987,
382,egl,N_5_L_2,96,numeric,,33790,,,,,ok,2330.563711,168,3526,17184.422291,,,
383,egl,N_5_L_2,127,numeric,,33790,,,,,,,,,,,,
384,egl,N_5_L_2,128,numeric,,33790,,,,,ok,2385.884606,168,3539,20614.231833,,391.066331,
385,egl,N_5_L_4,8,overflow,,74750,,,,,ok,7789.292985,249,14472,28749.078663,,826.302132,
386,egl,N_5_L_4,12,,,74750,,,,,ok,7484.461546,249,10309,37231.183881,,,
387,egl,N_5_L_4,15,overflow,,74750,,,,,,,,,,,,
388,egl,N_5_L_4,16,overflow,,74750,,,,,ok,7574.287887,249,8905,55547.596159,,839.963637,
389,egl,N_5_L_4,24,,,74750,,,,,ok,7733.705709,249,14487,32419.667733,,,
390,egl,N_5_L_4,31,overflow,,74750,,,,,,,,,,,,
391,egl,N_5_L_4,32,overflow,,74750,,,,,ok,7668.017363,249,14058,25636.585578,,832.604644,
392,egl,N_5_L_4,48,overflow,,74750,,,,,ok,7565.330636,249,13242,51417.035479,627.091073,,
393,egl,N_5_L_4,63,overflow,,74750,,,,,,,,,,,,
394,egl,N_5_L_4,64,overflow,,74750,,,,,segfault,,,,,,789.595257,10.178605
395,egl,N_5_L_4,96,overflow,,74750,,,,,segfault,,,,,,,
396,egl,N_5_L_4,127,overflow,,74750,,,,,,,,,,,,
397,egl,N_5_L_4,128,overflow,,74750,,,,,segfault,,,,,,800.791768,
398,egl,N_5_L_6,8,overflow,,115710,,,,,ok,10574.741764,250,11470,30396.550155,,1375.976204,
399,egl,N_5_L_6,12,,,115710,,,,,ok,11518.413946,250,12353,46036.023729,,,
400,egl,N_5_L_6,15,overflow,,115710,,,,,,,,,,,,
401,egl,N_5_L_6,16,overflow,,115710,,,,,ok,10556.549346,250,11351,62296.071424,,1264.243976,
402,egl,N_5_L_6,24,,,115710,,,,,ok,10144.936973,250,12445,36025.515867,,,
403,egl,N_5_L_6,31,overflow,,115710,,,,,,,,,,,,
404,egl,N_5_L_6,32,overflow,,115710,,,,,segfault,,,,,,1261.301777,
405,egl,N_5_L_6,48,overflow,,115710,,,,,ok,10386.089434,250,11500,68922.184721,,,
406,egl,N_5_L_6,63,overflow,,115710,,,,,,,,,,,,
407,egl,N_5_L_6,64,overflow,,115710,,,,,segfault,,,,,,1208.772343,4.352876
408,egl,N_5_L_6,96,overflow,,115710,,,,,ok,10481.885811,250,11524,77162.741357,1412.769492,,
409,egl,N_5_L_6,127,overflow,,115710,,,,,,,,,,,,
410,egl,N_5_L_6,128,overflow,,115710,,,,,ok,10247.925175,250,11567,70386.816623,,1216.828071,
411,egl,N_5_L_8,8,overflow,,156670,,,,,segfault,,,,,,1673.143884,
412,egl,N_5_L_8,12,,,156670,,,,,segfault,,,,,,,
413,egl,N_5_L_8,15,overflow,,156670,,,,,,,,,,,,
414,egl,N_5_L_8,16,overflow,,156670,,,,,ok,21153.542366,330,18436,117883.08703,,1625.996176,
415,egl,N_5_L_8,24,,,156670,,,,,segfault,,,,,,,
416,egl,N_5_L_8,31,overflow,,156670,,,,,,,,,,,,
417,egl,N_5_L_8,32,overflow,,156670,,,,,segfault,,,,,,1636.567377,
418,egl,N_5_L_8,48,overflow,,156670,,,,,segfault,,,,,,,
419,egl,N_5_L_8,63,overflow,,156670,,,,,,,,,,,,
420,egl,N_5_L_8,64,overflow,,156670,,,,,ok,20632.603122,330,20579,85866.968057,,1660.809252,
421,egl,N_5_L_8,96,overflow,,156670,,,,,ok,20974.456211,330,18467,188291.507521,4430.458557,,
422,egl,N_5_L_8,127,overflow,,156670,,,,,,,,,,,,
423,egl,N_5_L_8,128,overflow,,156670,,,,,segfault,,,,,,1624.387158,17.768972
424,herman,11,8,,,2048,,,,,,,,,,,144.293737,0.08063
425,herman,11,16,,,2048,,,,,,,,,,,141.095638,0.08631
426,herman,11,32,,,2048,,,,,,,,,,,140.684529,0.132376
427,herman,11,64,,,2048,,,,,,,,,,,139.757153,0.219174
428,herman,11,128,,,2048,,,,,,,,,,,141.916485,0.441675
429,herman,13,8,,,8192,,,,,,,,,,,1259.334109,0.132211
430,herman,13,16,,,8192,,,,,,,,,,,1379.302255,0.119006
431,herman,13,32,,,8192,,,,,,,,,,,1284.999339,0.141529
432,herman,13,64,,,8192,,,,,,,,,,,1301.678931,0.243451
433,herman,13,128,,,8192,,,,,,,,,,,1270.486142,0.443501
434,herman,15,8,,,32768,,,,,,,,,,,11873.315602,0.337371
435,herman,15,16,,,32768,,,,,,,,,,,12561.858698,0.217175
436,herman,15,32,,,32768,,,,,,,,,,,11886.119123,0.21835
437,herman,15,64,,,32768,,,,,,,,,,,11982.718464,0.288587
438,herman,15,128,,,32768,,,,,,,,,,,11784.335566,0.493452
439,herman,3,8,ok,5.52342,8,28,22.97396,0.9999961853027344,3.079177,ok,2.532108,3,24,0.521786,1.941394,18.101364,0.029647
440,herman,3,12,ok,1.388429,8,28,,0.1249999981373548,2.493363,ok,1.789147,3,24,0.576599,1.163509,,
441,herman,3,15,ok,1.664396,8,28,,0.1249999999708961,3.048233,,,,,,,,
442,herman,3,16,ok,1.366548,8,28,0.05890200000000001,0.9999999999417925,3.596405,ok,1.090521,3,24,0.392775,1.624133,3.189856,0.057604
443,herman,3,24,,,8,,,,,ok,1.119695,3,24,0.408785,1.470525,,
444,herman,3,31,ok,1.503545,8,28,,0.125,6.589029,,,,,,,,
445,herman,3,32,ok,2.158731,8,28,0.894757,1.0,8.052699,ok,1.351409,3,24,0.55548,2.521308,3.444007,0.108298
446,herman,3,48,ok,1.49036,8,28,,0.1249999999999999,10.067954,ok,1.337132,3,24,0.551521,2.78425,,
447,herman,3,63,ok,1.330556,8,28,,0.1249999999999999,13.569655,,,,,,,,
448,herman,3,64,ok,1.593789,8,28,0.09184999999999999,1.0,13.891421,ok,1.279754,3,24,0.659254,4.138644,3.272456,0.225425
449,herman,3,96,ok,2.222533,8,28,,0.125,21.160076,ok,1.319208,3,24,0.665706,5.613335,,
450,herman,3,127,ok,1.412409,8,28,,0.125,26.029018,,,,,,,,
451,herman,3,128,ok,1.70143,8,28,0.35175599999999996,1.0,26.438302,ok,1.407082,3,24,0.83354,8.05022,3.278306,0.432287
452,herman,5,8,ok,4.336424,32,244,7.646189,0.9779586792137708,1.880999,ok,2.290646,5,75,42.83066,21.935644,4.447826,0.03246
453,herman,5,12,ok,3.402549,32,244,,0.0311235995031893,2.401787,ok,1.867534,5,75,42.34461,1.820152,,
454,herman,5,15,ok,3.332628,32,244,,0.0312145599236828,2.93065,,,,,,,,
455,herman,5,16,ok,3.732045,32,244,2.20541,0.999257733405102,3.596276,ok,1.533148,5,75,96.700301,28.453932,3.803025,0.061803
456,herman,5,24,,,32,,,,,ok,1.663823,5,75,98.484591,2.703334,,
457,herman,5,31,ok,3.364819,32,244,,0.0312499598080316,6.365073,,,,,,,,
458,herman,5,32,ok,3.410393,32,244,1.8856730000000002,0.9999991582084872,6.66449,ok,1.48015,5,75,201.576112,30.821006,3.734516,0.109179
459,herman,5,48,ok,3.396868,32,244,,0.0312499999701668,9.779947,ok,1.48611,5,75,205.248854,4.33159,,
460,herman,5,63,ok,3.354599,32,244,,0.0312499999999483,12.925662,,,,,,,,
461,herman,5,64,ok,3.38198,32,244,1.8951190000000002,0.9999999999989172,13.536203,ok,1.503593,5,75,210.920446,33.07361,3.725464,0.227313
462,herman,5,96,ok,3.854414,32,244,,0.03125,19.620852,ok,1.471824,5,75,208.18053,7.593259,,
463,herman,5,127,ok,3.327027,32,244,,0.03125,25.799788,,,,,,,,
464,herman,5,128,ok,3.340683,32,244,1.905548,1.0,27.356615,ok,1.506789,5,75,212.352716,20.265294,3.726451,0.469542
465,herman,7,8,ok,23.248248,128,2188,34.920026,0.8467984500166494,1.982515,ok,3.13729,7,158,7637.704191,634.553525,6.469871,0.036985
466,herman,7,12,ok,20.150855,128,2188,,0.0072933741198123,2.546721,ok,2.168167,7,158,7899.209194,8.121422,,
467,herman,7,15,ok,20.553438,128,2188,,0.0075348444597979,3.087493,,,,,,,,
468,herman,7,16,ok,20.157447,128,2188,17.75777,0.9711507702247664,3.704117,ok,1.836956,7,158,26826.184235,889.283905,5.775857,0.058717
469,herman,7,24,,,128,,,,,ok,2.210678,7,158,21812.645764,9.666144,,
470,herman,7,31,ok,22.948617,128,2188,,0.0078026322929928,6.436125,,,,,,,,
471,herman,7,32,ok,20.299994,128,2188,17.662632,0.998974712211629,7.22745,ok,1.849542,7,158,64919.011103,975.398534,5.805145,0.109894
472,herman,7,48,ok,20.259979,128,2188,,0.0078122153252664,10.217142,ok,2.038795,7,158,75047.030409,13.627972,,
473,herman,7,63,ok,20.3137,128,2188,,0.0078124875364298,12.926995,,,,,,,,
474,herman,7,64,ok,19.964577,128,2188,18.558768,0.9999987049933452,13.754327,ok,2.213091,7,158,82201.787299,779.820518,5.826617,0.213279
475,herman,7,96,ok,20.120929,128,2188,,0.0078124999872212,19.585073,ok,2.160382,7,158,66235.610176,15.866962,,
476,herman,7,127,ok,20.989894,128,2188,,0.0078124999999801,26.467617,,,,,,,,
477,herman,7,128,ok,20.114596,128,2188,18.356837,0.999999999997934,27.130685,ok,2.222739,7,158,157698.388148,898.114351,5.674281,0.42662
478,herman,9,8,ok,186.688881,512,19684,377.633347,0.6680428137903301,3.669517,ok,,,,,,20.261939,0.051209
479,herman,9,12,ok,192.23992,512,19684,,0.0015640130235832,3.400446,,,,,,,,
480,herman,9,15,ok,213.395875,512,19684,,0.0016859360275109,3.857357,,,,,,,,
481,herman,9,16,ok,170.514281,512,19684,440.815446,0.8792506112895142,6.241973,,,,,,,20.099914,0.06814
482,herman,9,31,ok,222.087471,512,19684,,0.0019166644526382,7.727328,,,,,,,,
483,herman,9,32,ok,179.167996,512,19684,491.007842,0.9835159288693684,10.236722,,,,,,,19.193966,0.112073
484,herman,9,48,ok,174.379705,512,19684,,0.0019487261408999,11.981715,,,,,,,,
485,herman,9,63,ok,192.849933,512,19684,,0.0019524443645833,14.718227,,,,,,,,
486,herman,9,64,ok,169.172469,512,19684,494.166724,0.99969227970679,17.490567,,,,,,,20.107598,0.217223
487,herman,9,96,ok,169.597525,512,19684,,0.0019531137803727,22.467399,,,,,,,,
488,herman,9,127,ok,194.643669,512,19684,,0.0019531247628085,27.929983,,,,,,,,
489,herman,9,128,ok,197.862482,512,19684,490.01217,0.9999998927639906,31.797278,,,,,,,19.611724,0.428796
490,leader,3_2,8,ok,51.660223,26,33,83.553186,0.9375,3.17448,ok,5.836913,16,449,62.792559,1.720977,23.358869,0.031689
491,leader,3_2,12,,,26,,,,,ok,5.094397,16,449,63.061735,1.995078,,
492,leader,3_2,15,ok,12.889073,26,33,,0.984375,4.78556,,,,,,,,
493,leader,3_2,16,ok,7.386822,26,33,3.220479,0.99609375,5.174286,ok,4.142558,16,449,49.498386,2.214778,19.408643,0.054632
494,leader,3_2,24,,,26,,,,,ok,5.058549,16,449,65.168225,3.903083,,
495,leader,3_2,31,ok,9.820533,26,33,,0.99993896484375,8.022341,,,,,,,,
496,leader,3_2,32,ok,1.585501,26,33,1.3185349999999998,0.9999847412109376,6.921047,ok,4.189295,16,449,48.376517,3.913482,19.03061,0.105366
497,leader,3_2,48,ok,1.477269,26,33,,0.9999999403953552,9.730233,ok,3.970445,16,449,41.025406,5.773428,,
498,leader,3_2,63,ok,1.509769,26,33,,0.9999999990686774,12.726731,,,,,,,,
499,leader,3_2,64,ok,1.479933,26,33,1.364681,0.9999999997671694,13.379024,ok,5.606901,16,449,144.751659,8.418302,22.482268,0.280751
500,leader,3_2,96,ok,1.524857,26,33,,0.9999999999999964,19.839684,ok,4.41998,16,449,95.768312,11.435967,,
501,leader,3_2,127,ok,1.525308,26,33,,1.0,26.318469,,,,,,,,
502,leader,3_2,128,ok,1.797448,26,33,1.2347579999999998,1.0,26.244201,ok,5.118122,16,449,144.409316,15.527988,18.93087,0.408324
503,leader,3_3,8,ok,4.347617,69,95,25.264502,0.9876543210745674,2.219545,ok,20.138069,22,1670,198.289039,,19.851364,0.030354
504,leader,3_3,12,,,69,,,,,ok,14.556556,22,1670,172.271306,,,
505,leader,3_3,15,ok,2.149929,69,95,,0.9986282579770644,2.989847,,,,,,,,
506,leader,3_3,16,ok,2.133528,69,95,4.253915,0.9998475842996613,3.483204,ok,17.318207,22,1670,354.57963,,19.615653,0.053867
507,leader,3_3,24,,,69,,,,,ok,16.370015,22,1670,346.862192,,,
508,leader,3_3,31,ok,2.233295,69,95,,0.9999997910148416,6.306287,,,,,,,,
509,leader,3_3,32,ok,2.04375,69,95,4.191248,0.9999999768594264,6.735019,ok,16.927444,22,1670,154.646742,,19.244514,0.104132
510,leader,3_3,48,ok,2.417911,69,95,,1.0000000000864588,10.241799,ok,15.301677,22,1670,201.407431,,,
511,leader,3_3,63,ok,2.178402,69,95,,1.000000000089995,12.842147,,,,,,,,
512,leader,3_3,64,ok,2.166139,69,95,4.168245,1.000000000089999,13.253108,ok,15.359054,22,1670,201.43385,,19.195246,0.208935
513,leader,3_3,96,ok,2.126735,69,95,,1.0000000000899996,19.924885,ok,16.986995,22,1670,203.24212,,,
514,leader,3_3,127,ok,2.07569,69,95,,1.0000000000899998,25.743803,,,,,,,,
515,leader,3_3,128,ok,2.427419,69,95,4.274864,1.0000000000899991,26.356463,ok,16.125134,22,1670,319.583799,,19.608509,0.419551
516,leader,3_4,8,ok,4.340934,147,210,30.546159,0.99609375,1.855541,ok,194.41236,22,686,425.205835,2.276074,20.848675,0.028869
517,leader,3_4,12,,,147,,,,,ok,192.701935,22,1056,328.509119,3.747199,,
518,leader,3_4,15,ok,3.606388,147,210,,0.999755859375,2.955918,,,,,,,,
519,leader,3_4,16,ok,3.281429,147,210,9.628556,0.9999847412109376,3.54613,ok,105.84713,22,1073,285.318161,3.692247,20.079437,0.054976
520,leader,3_4,24,,,147,,,,,ok,196.230989,22,1081,574.786604,5.910414,,
521,leader,3_4,31,ok,5.825557,147,210,,0.9999999962747096,7.741881,,,,,,,,
522,leader,3_4,32,ok,3.455214,147,210,10.307269,0.9999999997671694,7.232592,ok,189.606766,22,1093,612.179812,7.664912,20.015002,0.118492
523,leader,3_4,48,ok,3.336993,147,210,,0.9999999999999964,9.794402,ok,112.036686,22,854,287.649965,10.058409,,
524,leader,3_4,63,ok,3.178005,147,210,,1.0,12.846909,,,,,,,,
525,leader,3_4,64,ok,3.286448,147,210,9.531845,1.0,13.594425,ok,110.846298,22,1071,290.369958,12.321935,20.001609,0.232123
526,leader,3_4,96,ok,3.283172,147,210,,1.0,19.728386,ok,107.471684,22,1090,327.179499,20.372299,,
527,leader,3_4,127,ok,3.388941,147,210,,1.0,26.025139,,,,,,,,
528,leader,3_4,128,ok,3.162897,147,210,9.643895,1.0,26.232649,ok,119.279342,22,1069,310.873424,25.910329,21.508857,0.442941
529,leader,4_2,8,ok,2.993389,61,76,13.37321,0.5,1.807495,ok,12.858904,22,1089,130.902684,1.374689,21.244584,0.056259
530,leader,4_2,12,,,61,,,,,ok,9.486084,22,1089,205.479185,3.029488,,
531,leader,4_2,15,ok,2.050282,61,76,,0.875,3.004081,,,,,,,,
532,leader,4_2,16,ok,1.933944,61,76,3.958742,0.875,3.473597,ok,8.65445,22,1089,244.96609,3.054579,20.370181,0.063445
533,leader,4_2,24,,,61,,,,,ok,7.00007,22,1089,205.658132,4.651409,,
534,leader,4_2,31,ok,1.977335,61,76,,0.984375,6.252745,,,,,,,,
535,leader,4_2,32,ok,1.908256,61,76,3.768185,0.984375,6.868887,ok,6.741554,22,1089,207.743673,5.808727,20.021798,0.105538
536,leader,4_2,48,ok,2.024243,61,76,,0.998046875,9.681204,ok,7.303931,22,1089,210.441685,8.701183,,
537,leader,4_2,63,ok,2.019054,61,76,,0.999755859375,12.751394,,,,,,,,
538,leader,4_2,64,ok,1.850738,61,76,3.718853,0.999755859375,13.502771,ok,6.743478,22,1089,222.709779,11.552502,19.67521,0.210109
539,leader,4_2,96,ok,3.247636,61,76,,0.9999980926513672,21.427363,ok,7.272331,22,1089,212.8587,16.558958,,
540,leader,4_2,127,ok,1.913285,61,76,,0.9999999701976776,25.721881,,,,,,,,
541,leader,4_2,128,ok,2.073996,61,76,3.7896349999999996,0.9999999701976776,26.685234,ok,7.136525,22,1089,384.410721,22.048592,20.216961,0.429684
542,leader,4_3,8,ok,5.872655,274,354,56.493671,0.7407407406000001,1.82884,ok,180.42966,30,2808,3241.359092,2.69943,25.778044,0.042492
543,leader,4_3,12,,,274,,,,,ok,143.08,30,2767,1704.697251,,,
544,leader,4_3,15,ok,4.835441,274,354,,0.9825737944030292,2.968757,,,,,,,,
545,leader,4_3,16,ok,5.006,274,354,18.652476,0.9825737944030282,3.472797,segfault,,,,,,21.663753,0.05653
546,leader,4_3,24,,,274,,,,,ok,252.57077,30,2772,5556.351711,9.579534,,
547,leader,4_3,31,ok,4.988537,274,354,,0.9996963271108548,6.557115,,,,,,,,
548,leader,4_3,32,ok,4.88283,274,354,19.225931,0.9996963271108538,6.811958,ok,251.399999,30,2778,3527.036045,11.099164,21.584358,0.112636
549,leader,4_3,48,ok,5.01646,274,354,,0.999994707881846,9.974619,ok,140.706488,30,2780,2680.01318,15.602442,,
550,leader,4_3,63,ok,8.558988,274,354,,0.9999999075264332,14.025856,,,,,,,,
551,leader,4_3,64,ok,4.674048,274,354,18.182836,0.999999907526432,13.530294,ok,253.01785,30,2778,3410.64327,20.38418,21.676566,0.221672
552,leader,4_3,96,ok,4.82436,274,354,,0.9999999997362398,20.01285,ok,253.588303,30,2762,3465.947391,28.997638,,
553,leader,4_3,127,ok,4.791909,274,354,,0.9999999997434988,26.139604,,,,,,,,
554,leader,4_3,128,ok,4.897266,274,354,18.903046,0.9999999997434936,26.893005,segfault,,,,,,21.783739,0.423993
555,leader,4_4,8,ok,13.98756,812,1067,174.769733,0.84375,1.875676,ok,541.123818,30,5892,3377.271379,,25.093431,0.035993
556,leader,4_4,12,,,812,,,,,segfault,,,,,,,
557,leader,4_4,15,ok,12.796258,812,1067,,0.996185302734375,2.986356,,,,,,,,
558,leader,4_4,16,ok,12.034591,812,1067,60.805294,0.996185302734375,3.612833,ok,493.838763,30,5886,3210.955059,,24.46344,0.056111
559,leader,4_4,24,,,812,,,,,ok,324.694788,30,5886,1851.182803,,,
560,leader,4_4,31,ok,12.142122,812,1067,,0.9999854480847716,6.434875,,,,,,,,
561,leader,4_4,32,ok,12.327981,812,1067,66.372927,0.9999854480847716,7.395453,segfault,,,,,,24.392667,0.108274
562,leader,4_4,48,ok,12.10899,812,1067,,0.9999999444888488,10.010859,segfault,,,,,,,
563,leader,4_4,63,ok,12.098642,812,1067,,0.9999999997882418,13.105048,,,,,,,,
564,leader,4_4,64,ok,12.581957,812,1067,65.400465,0.9999999997882418,13.834693,ok,491.468607,30,5886,2156.713096,,24.5814,0.210302
565,leader,4_4,96,ok,12.102247,812,1067,,0.9999999999999996,20.262116,segfault,,,,,,,
566,leader,4_4,127,ok,12.019212,812,1067,,1.0,26.081502,,,,,,,,
567,leader,4_4,128,ok,12.273589,812,1067,63.320927999999995,0.9999999999999988,27.091385,ok,493.696625,30,5894,5120.090291,,24.248449,0.413171
568,leader,5_2,8,ok,3.792647,141,172,29.531097,0.3125,1.854222,ok,57.092382,27,1281,579.66609,1.824653,22.14849,0.092286
569,leader,5_2,12,,,141,,,,,ok,66.782978,27,1264,574.235672,3.116025,,
570,leader,5_2,15,ok,3.132379,141,172,,0.52734375,3.020416,,,,,,,,
571,leader,5_2,16,ok,3.041981,141,172,10.200989,0.52734375,3.511806,ok,56.231273,27,1264,577.085339,3.456172,21.636626,0.101437
572,leader,5_2,24,,,141,,,,,ok,55.040855,27,1281,1118.136932,6.542022,,
573,leader,5_2,31,ok,2.747087,141,172,,0.846409797668457,6.582674,,,,,,,,
574,leader,5_2,32,ok,3.078629,141,172,9.397744,0.846409797668457,6.81601,ok,66.554228,27,1281,1092.030157,8.150718,21.668553,0.123948
575,leader,5_2,48,ok,2.915063,141,172,,0.9500906837638468,9.898713,ok,57.335479,27,1264,958.774955,12.182504,,
576,leader,5_2,63,ok,3.022894,141,172,,0.9764100497477556,12.654874,,,,,,,,
577,leader,5_2,64,ok,3.13781,141,172,9.283761,0.9764100497477556,13.474345,ok,63.022078,27,1281,1275.525449,15.412271,21.896156,0.206416
578,leader,5_2,96,ok,2.97242,141,172,,0.9975090601528396,19.90432,ok,96.279054,27,1281,1626.130613,24.455935,,
579,leader,5_2,127,ok,5.100758,141,172,,0.999617416044879,27.341935,,,,,,,,
580,leader,5_2,128,ok,2.95092,141,172,9.146564,0.999617416044879,26.638764,ok,57.036006,27,1281,1059.536816,33.263278,21.80266,0.41272
581,leader,5_3,8,ok,20.007521,1050,1292,225.795818,0.74074074066,1.968882,ok,564.601612,37,8066,19759.920888,8.227417,28.39872,0.0381
582,leader,5_3,12,,,1050,,,,,ok,845.724674,37,8031,19284.702784,11.943198,,
583,leader,5_3,15,ok,14.567869,1050,1292,,0.9327846363657356,3.130571,,,,,,,,
584,leader,5_3,16,ok,31.394849,1050,1292,176.174058,0.9327846363657356,4.228797,ok,453.219479,37,8066,33394.329857,19.059285,27.753196,0.060723
585,leader,5_3,24,,,1050,,,,,ok,478.476015,37,8031,19839.716497,20.368507,,
586,leader,5_3,31,ok,14.626939,1050,1292,,0.9988286911261056,6.406918,,,,,,,,
587,leader,5_3,32,ok,14.551708,1050,1292,84.411378,0.9988286911261008,7.239438,segfault,,,,,,26.756006,0.11134
588,leader,5_3,48,ok,14.64376,1050,1292,,0.9999795883864472,10.289737,segfault,,,,,,,
589,leader,5_3,63,ok,14.905972,1050,1292,,0.9999986278887182,13.24913,,,,,,,,
590,leader,5_3,64,ok,14.546318,1050,1292,87.634007,0.9999986278887132,14.031594,ok,818.398346,37,8031,33226.849105,45.458771,27.25985,0.216865
591,leader,5_3,96,ok,14.82503,1050,1292,,0.9999999994362188,20.53346,segfault,,,,,,,
592,leader,5_3,127,ok,14.663959,1050,1292,,0.9999999998523637,25.95092,,,,,,,,
593,leader,5_3,128,ok,43.911454,1050,1292,160.793417,0.9999999998523496,29.009638,ok,512.708718,37,8070,35559.512922,73.620009,27.293551,0.423323
594,leader,5_4,8,ok,106.211795,4244,5267,1332.595948,0.87890625,2.789832,ok,,,,,,45.126373,0.033925
595,leader,5_4,12,,,4244,,,,,segfault,,,,,,,
596,leader,5_4,15,ok,54.519181,4244,5267,,0.9853363037109376,3.51624,,,,,,,,
597,leader,5_4,16,ok,55.91151,4244,5267,389.362992,0.9853363037109376,5.387492,ok,2218.540197,37,26578,316262.122937,55.349866,44.139421,0.058837
598,leader,5_4,24,,,4244,,,,,segfault,,,,,,,
599,leader,5_4,31,ok,102.299073,4244,5267,,0.9999739619388492,6.865416,,,,,,,,
600,leader,5_4,32,ok,54.946311,4244,5267,394.641203,0.9999739619388492,9.681438,segfault,,,,,,44.655838,0.11821
601,leader,5_4,48,ok,54.521976,4244,5267,,0.9999999537646844,11.86223,ok,,,,,,,
602,leader,5_4,63,ok,73.573215,4244,5267,,0.9999999993220192,13.724197,,,,,,,,
603,leader,5_4,64,ok,54.497911,4244,5267,406.495467,0.9999999993220192,17.240268,segfault,,,,,,44.5285,0.21945
604,leader,5_4,96,ok,54.907088,4244,5267,,0.9999999999999978,22.899311,segfault,,,,,,,
605,leader,5_4,127,ok,55.097354,4244,5267,,1.0,27.922577,,,,,,,,
606,leader,5_4,128,ok,57.076263,4244,5267,392.412296,0.9999999999999948,31.593373,ok,2573.218049,37,26578,18889.078124,,46.80905,0.479132
607,nand,N_20_K_1,8,overflow,,78332,,,,,ok,424.694945,27,7935,26308.088229,,722.241374,
608,nand,N_20_K_1,12,,,78332,,,,,ok,440.753612,27,7935,27375.671576,,,
609,nand,N_20_K_1,15,overflow,,78332,,,,,,,,,,,,
610,nand,N_20_K_1,16,overflow,,78332,,,,,ok,435.208906,27,7935,130673.758815,,256.424753,
611,nand,N_20_K_1,24,,,78332,,,,,ok,422.388325,27,7935,120744.342493,,,
612,nand,N_20_K_1,31,overflow,,78332,,,,,,,,,,,,
613,nand,N_20_K_1,32,overflow,,78332,,,,,ok,430.016144,27,7935,1235535.971675,,224.012065,
614,nand,N_20_K_1,48,overflow,,78332,,,,,ok,411.874997,27,7935,1410252.372371,,,
615,nand,N_20_K_1,63,overflow,,78332,,,,,,,,,,,,
616,nand,N_20_K_1,64,overflow,,78332,,,,,timeout,,,,,,227.74674,
617,nand,N_20_K_1,96,overflow,,78332,,,,,,,,,,,,
618,nand,N_20_K_1,127,overflow,,78332,,,,,,,,,,,,
619,nand,N_20_K_1,128,overflow,,78332,,,,,,,,,,,225.741046,
620,nand,N_20_K_2,8,overflow,,154942,,,,,,,,,,,418.318819,
621,nand,N_20_K_2,15,overflow,,154942,,,,,,,,,,,,
622,nand,N_20_K_2,16,overflow,,154942,,,,,,,,,,,492.356239,
623,nand,N_20_K_2,31,overflow,,154942,,,,,,,,,,,,
624,nand,N_20_K_2,32,overflow,,154942,,,,,,,,,,,472.777697,
625,nand,N_20_K_2,48,overflow,,154942,,,,,,,,,,,,
626,nand,N_20_K_2,63,overflow,,154942,,,,,,,,,,,,
627,nand,N_20_K_2,64,overflow,,154942,,,,,,,,,,,489.112606,
628,nand,N_20_K_2,96,overflow,,154942,,,,,,,,,,,,
629,nand,N_20_K_2,127,overflow,,154942,,,,,,,,,,,,
630,nand,N_20_K_2,128,overflow,,154942,,,,,,,,,,,434.656695,
631,nand,N_20_K_3,8,overflow,,231552,,,,,,,,,,,730.570596,
632,nand,N_20_K_3,15,overflow,,231552,,,,,,,,,,,,
633,nand,N_20_K_3,16,overflow,,231552,,,,,,,,,,,715.313882,
634,nand,N_20_K_3,31,overflow,,231552,,,,,,,,,,,,
635,nand,N_20_K_3,32,overflow,,231552,,,,,,,,,,,730.909146,
636,nand,N_20_K_3,48,overflow,,231552,,,,,,,,,,,,
637,nand,N_20_K_3,63,overflow,,231552,,,,,,,,,,,,
638,nand,N_20_K_3,64,overflow,,231552,,,,,,,,,,,718.973757,
639,nand,N_20_K_3,96,overflow,,231552,,,,,,,,,,,,
640,nand,N_20_K_3,127,overflow,,231552,,,,,,,,,,,,
641,nand,N_20_K_3,128,overflow,,231552,,,,,,,,,,,735.403033,
642,nand,N_20_K_4,8,overflow,,308162,,,,,,,,,,,853.149599,
643,nand,N_20_K_4,15,overflow,,308162,,,,,,,,,,,,
644,nand,N_20_K_4,16,overflow,,308162,,,,,,,,,,,844.676401,
645,nand,N_20_K_4,31,overflow,,308162,,,,,,,,,,,,
646,nand,N_20_K_4,32,overflow,,308162,,,,,,,,,,,818.224044,
647,nand,N_20_K_4,48,overflow,,308162,,,,,,,,,,,,
648,nand,N_20_K_4,63,overflow,,308162,,,,,,,,,,,,
649,nand,N_20_K_4,64,overflow,,308162,,,,,,,,,,,936.83912,
650,nand,N_20_K_4,96,overflow,,308162,,,,,,,,,,,,
651,nand,N_20_K_4,127,overflow,,308162,,,,,,,,,,,,
652,nand,N_20_K_4,128,overflow,,308162,,,,,,,,,,,953.290405,
653,nand,N_40_K_1,8,overflow,,1004862,,,,,,,,,,,3166.24138,
654,nand,N_40_K_1,15,overflow,,1004862,,,,,,,,,,,,
655,nand,N_40_K_1,16,overflow,,1004862,,,,,,,,,,,3218.675028,
656,nand,N_40_K_1,31,overflow,,1004862,,,,,,,,,,,,
657,nand,N_40_K_1,32,overflow,,1004862,,,,,,,,,,,2784.884067,
658,nand,N_40_K_1,48,overflow,,1004862,,,,,,,,,,,,
659,nand,N_40_K_1,63,overflow,,1004862,,,,,,,,,,,,
660,nand,N_40_K_1,64,overflow,,1004862,,,,,,,,,,,2839.192869,
661,nand,N_40_K_1,96,overflow,,1004862,,,,,,,,,,,,
662,nand,N_40_K_1,127,overflow,,1004862,,,,,,,,,,,,
663,nand,N_40_K_1,128,overflow,,1004862,,,,,,,,,,,3187.928119,
664,nand,N_40_K_2,8,overflow,,2003082,,,,,,,,,,,5698.819419,
665,nand,N_40_K_2,15,overflow,,2003082,,,,,,,,,,,,
666,nand,N_40_K_2,16,overflow,,2003082,,,,,,,,,,,5612.772003,
667,nand,N_40_K_2,31,overflow,,2003082,,,,,,,,,,,,
668,nand,N_40_K_2,32,overflow,,2003082,,,,,,,,,,,6256.324257,
669,nand,N_40_K_2,48,overflow,,2003082,,,,,,,,,,,,
670,nand,N_40_K_2,63,overflow,,2003082,,,,,,,,,,,,
671,nand,N_40_K_2,64,overflow,,2003082,,,,,,,,,,,6321.299827,
672,nand,N_40_K_2,96,overflow,,2003082,,,,,,,,,,,,
673,nand,N_40_K_2,127,overflow,,2003082,,,,,,,,,,,,
674,nand,N_40_K_2,128,overflow,,2003082,,,,,,,,,,,5717.265826,
675,nand,N_40_K_3,8,overflow,,3001302,,,,,,,,,,,9303.764388,
676,nand,N_40_K_3,15,overflow,,3001302,,,,,,,,,,,,
677,nand,N_40_K_3,16,overflow,,3001302,,,,,,,,,,,9373.285614,
678,nand,N_40_K_3,31,overflow,,3001302,,,,,,,,,,,,
679,nand,N_40_K_3,32,overflow,,3001302,,,,,,,,,,,9234.578859,
680,nand,N_40_K_3,48,overflow,,3001302,,,,,,,,,,,,
681,nand,N_40_K_3,63,overflow,,3001302,,,,,,,,,,,,
682,nand,N_40_K_3,64,overflow,,3001302,,,,,,,,,,,9254.531951,
683,nand,N_40_K_3,96,overflow,,3001302,,,,,,,,,,,,
684,nand,N_40_K_3,127,overflow,,3001302,,,,,,,,,,,,
685,nand,N_40_K_3,128,overflow,,3001302,,,,,,,,,,,8354.505872,
686,nand,N_40_K_4,8,overflow,,3999522,,,,,,,,,,,11232.757323,
687,nand,N_40_K_4,15,overflow,,3999522,,,,,,,,,,,,
688,nand,N_40_K_4,16,overflow,,3999522,,,,,,,,,,,12395.09864,
689,nand,N_40_K_4,31,overflow,,3999522,,,,,,,,,,,,
690,nand,N_40_K_4,32,overflow,,3999522,,,,,,,,,,,12525.72605,
691,nand,N_40_K_4,48,overflow,,3999522,,,,,,,,,,,,
692,nand,N_40_K_4,63,overflow,,3999522,,,,,,,,,,,,
693,nand,N_40_K_4,64,overflow,,3999522,,,,,,,,,,,12731.693224,
694,nand,N_40_K_4,96,overflow,,3999522,,,,,,,,,,,,
695,nand,N_40_K_4,127,overflow,,3999522,,,,,,,,,,,,
696,nand,N_40_K_4,128,overflow,,3999522,,,,,,,,,,,12826.380512,
697,nand,N_60_K_1,8,overflow,,4717592,,,,,,,,,,,13292.261186,
698,nand,N_60_K_1,15,overflow,,4717592,,,,,,,,,,,,
699,nand,N_60_K_1,16,overflow,,4717592,,,,,,,,,,,14833.709291,
700,nand,N_60_K_1,31,overflow,,4717592,,,,,,,,,,,,
701,nand,N_60_K_1,32,overflow,,4717592,,,,,,,,,,,14808.826914,
702,nand,N_60_K_1,48,overflow,,4717592,,,,,,,,,,,,
703,nand,N_60_K_1,63,overflow,,4717592,,,,,,,,,,,,
704,nand,N_60_K_1,64,overflow,,4717592,,,,,,,,,,,14883.0395,
705,nand,N_60_K_1,96,overflow,,4717592,,,,,,,,,,,,
706,nand,N_60_K_1,127,overflow,,4717592,,,,,,,,,,,,
707,nand,N_60_K_1,128,overflow,,4717592,,,,,,,,,,,13531.137043,
708,nand,N_60_K_2,8,overflow,,9420422,,,,,,,,,,,30461.357603,
709,nand,N_60_K_2,15,overflow,,9420422,,,,,,,,,,,,
710,nand,N_60_K_2,16,overflow,,9420422,,,,,,,,,,,29785.17845,
711,nand,N_60_K_2,31,overflow,,9420422,,,,,,,,,,,,
712,nand,N_60_K_2,32,overflow,,9420422,,,,,,,,,,,30324.641695,
713,nand,N_60_K_2,48,overflow,,9420422,,,,,,,,,,,,
714,nand,N_60_K_2,63,overflow,,9420422,,,,,,,,,,,,
715,nand,N_60_K_2,64,overflow,,9420422,,,,,,,,,,,30010.410532,
716,nand,N_60_K_2,96,overflow,,9420422,,,,,,,,,,,,
717,nand,N_60_K_2,127,overflow,,9420422,,,,,,,,,,,,
718,nand,N_60_K_2,128,Killed,,9420422,,,,,,,,,,,29570.308718,
